Barang sudah sampai namun belum bisa dibuka blm ada aplikasi windowsnya jadi nunggu di instal dulu blm tau sih bagus enggaknya nanti kalau sdh bisa aku koment lagi,neutral
Kalau mau cicilan gmna cra nya??,neutral
"Bagi Yang Minat Order/Pesan Barang Kami,Silahkan Add WhatsApp/WA.085200343400..Langsung Dari Reseller Toko..Terimah Kasih.",neutral
"hai sis,,,sya mau nyicil dan sya udh cek/lihat byran cclan prbulan nya. sya nanya sis,uang muka nya brapa ya sis,brant yg ini,,,",neutral
untuk pemasangan di tembok apa ad pihak dari lazada yg memasang'a ? terima kasih,neutral
"Pengiriman cepat sesuai tgl prediksi pada keterangan, alat berfungsi, saya bingung untuk standeenya dapet darimana dan gimana sistem garansinya karna di dlm box ga ada kartu garansinya",neutral
Apakah bisa tolong diinstalkan Windows nya ka?,neutral
paket ditrima siang saya cek remote udh conek ke tv.malem tv tidak bisa dioperasikan dg remote.mohon pencerahanya,neutral
"sdh dicoba,lumayan msh normal,wlwpun bukan brg baru alias second,sedikit kcwa,ttup bgian bwh sdh pd patah sepit nya,jg g bs rapet lg,tpi gpp yg penting msh bs di pakai,semoga awet.",neutral
"di gambar ada 2 model tu les tebal dan tipis, yg mana satu yg benarnya?",neutral
Barang sampe dah 10 hari sorry baru kasih ulasan,neutral
barang masih belum dicoba pengiriman cepat,neutral
Ap bisa bayar di tempat,neutral
belum dicoba soalnya.. semoga pas aja sesuai spek yg dideskripsi. packing juga rapi. semoga tidak kecewa karna sejauh ini saya blanja disini lancar saja. trimakasih,neutral
tapi saya mau tanya d keterangan nya untuk windows 7.. emng buat windows 10 gak bklan k buka ap data ny,neutral
"gan barang sudah saya terima, tapi kok pas install anti virus dan masukan kode aktivasi nya ga bisa ya, kode aktifasi failed dan incorect gmn donk gan? mohon jawabannya",neutral
barang sampe blom d coba antena nya blom sampe,neutral
trimaksih lazada paketan sudah mendratt..tpi blum sy buka..sukses truss lazada,neutral
belum di coba saya nya lg di luar kota,neutral
Barang sampai on time. Maaf belum sampai say buka box nya,neutral
"Coba komentar dari pihak lazada , apakah ini bener 100% asli 64gb atau tidak. Tolong di jawab agar pelayanan baik",neutral
sy mintanya ini tp dapetnya kok micro sd ya??,neutral
ka kalo kaya gni gmna ya cara ngoperasiinya?,neutral
"barang dah sampai, belum di tes, semoga awett",neutral
tapi bagaimana ya cara nambahin subtitle pake usb?,neutral
Kartu garansi nya dikirim kemana yahh min????   Mohon tanggapannya... Dan kartu garansi nya....,neutral
"Pengirimannya cepet, hati yang sama diantar. Lom dicoba sih",neutral
Ini spek ram.nya 2GB atau 4GB,neutral
bisa byr d tempat ga,neutral
barang sudah diterima terimakasih,neutral
Ini layar bisa di sentuh ga ya?,neutral
halo mau tanya.  barang garansi lenovo resmi?,neutral
"Pesen tanggal 10-12-2016, status lacak barang dari tanggal 11 dalam perjalanan sampai sekarang tgl 15 gak ada kabar. Butuh berapa lama antar barang ke Depok..?",neutral
"dear lazada saya mohon untuk konfirmasinya pesenan Tablet saya tidak bisa krn ic nya tdk terbaca , bagaimana cara mengembalikanya saya ke tokonya , saya mohon responya krn hrg nya buat saya sangat sangat 🙏",neutral
"Bagaimana....... Caranya nyicil, trs apakah pakai syarat2 gt",neutral
"barang diterima dengan kondisi baik , tapi sya masih bingung soal free HOOQ nya bagaimana cara nya ??? mohon bantuan seller.",neutral
"Saya udah order bang, jangan sampai mengecewakan pelanggan diharapkan barang tidak rusak Dan masih baru,  ini bintangnya saya kasih tiga dulu kalau barangnya udah nyampai Dan sesuai, barang tidak rusak/lecet baru saya kasih Lima bintang",neutral
Barang sudah sampai dan mudah mudahan gak bermasalah karena belum dicoba.... terima kasih.....,neutral
Kalo cara bayarnya buat cicilan gimana yaa gan??,neutral
"barang dah sampe tanpa cacat,tapi blm di coba",neutral
Min ini ada tempat cd nya ngk ?,neutral
"Sesuai dengan deskripsi yang ada, hanya saja Joystick yang ada dalam foto promo tidak ada dalam kemasan..  Terlewat atau memang tidak diberikan????",neutral
"Katanya Barang pesanan sampai dlm waktu 4 hari, tp udh seminggu brng blm sampai. Memang prosedur pengiriman Ke Majalengka brp lama?",neutral
Kalo di kredit bisa ga gan??,neutral
Maaf gan/sist  Sya mau tanya soal cicil gimana cara ya..,neutral
Ini 24 inch apa 48 inch yg bner yg mna,neutral
berapa lama kalau ke bone sulawesi  selatan.,neutral
"Barang telah diterima dengan aman dan beberapa drama kecil (drama nya dari pihak kurir nya sih).... intinya sebelumnya ada notif kalau barang telah diterima oleh nama saya sendiri (sekitar jam 6 sore) namun saya belum menerima. lalu telpon cs jne, chat cs lazada ngomong ini itu ini itu, bakal ditindak lanjuti. akhirnya jam 8 malam lebih baru barang nyampe dengan alasan dari kurirnya tadi ngga ada orang ditempat.... kurirnya yg bikin misunderstand antara saya pihak cs jne dan pihak cs lazada (mbak yenny) terimakasi banyak pihak yg membantu, mbak yenny mas ditya (cs lazada) dan pihak cs jne yg saya lupa namanya",neutral
Selamat telah memilih AnterAjaA,neutral
Kk bagaimana cara ambil diamon ff,neutral
Biaya proteksi itu apa ya? Nanti saya kasih bintang 5 kalau sudah di jawab,neutral
Kasih b8ntang 2 dlu klau aman trpercaya bru aku naikin level bintang 5,neutral
ram 8gb atau 4gb?,neutral
Ini tv jg bs jadi monitor pc kan?,neutral
Ini layar sentuh bukan yah?,neutral
"Ini bisa nonton, dengar music, liat poto via usb gk??",neutral
Untuk semua hardisk kah gan ?,neutral
Apa produk aslinya sesuai dgn yg di gambar ini?,neutral
Cara cicilan gimna?  Pake dp gk?,neutral
Bang kalau + upgrade ram jadi total berapa?,neutral
halo mau tanya.  barang garansi lenovo resmi?,neutral
Os sudah terisi kan. Kalau sdh pakai os win berapa gan?,neutral
Ini vga nya sudah  dual grafik VGA kah?,neutral
"Klo untuk seri TV ini , Apakah support untuk  memutar file video via port USB.? Kalau iya, format file jenis APA sja. Thnks",neutral
Apakah ada port audio vidio output dan input? Makasih,neutral
Cara mencicilnya gmna?klw gak ad kartu kredit,neutral
Gan ini apa bedanya dgn yg sharp aquos 170i ya?,neutral
Kalo cicilan syarat y ap saja...,neutral
Kalo d luar jabodetabek bisa g?,neutral
min aku mau yang asli,neutral
Kalo cara bayarnya buat cicilan gimana yaa gan??,neutral
puasa ku beli 1349000,neutral
Cara pembayaran dgn cicilan,neutral
Kalo dicicil gmn caranya??,neutral
Karyawan jne depok,neutral
Trnyata dpt kabel... Baru smpe blum di tes.. Tar smoga bisa... Tnx,neutral
apakah sudah tersedia arduino untuk menghubungkan ke harddisk.?,neutral
"Permisi, kapan barang penggantinya bisa dikirim? Terima Kasih",neutral
Memangnya benar belanja 0 rupiah tapi kalo ongkirnya gimana?,neutral
Masih ada gak ini....,neutral
Gan ini baterai tanam gk?,neutral
"gan ini barang msih ready stock ?? kalo dari jakarta ke bandung kira"" ongkirnya brapa ya ? dan biasanya nyampenya brapa lama ?",neutral
"gan barang sudah saya terima bagus, tapi kok pas install anti virus dan masukan kode aktivasi nya ga bisa ya, kode aktifasi failed dan incorect gmn donk gan? mohon jawabannya",neutral
belum di coba. packing rapi.,neutral
"imut, blm sempat dicoba",neutral
Maksih ya flashdisknya,neutral
Mohon info siapa yang menerima barang saya ?,neutral
Gan apa ini barang khusus djabotabek aja ke bandung ga bisa?,neutral
masih tahap test dlu ya..,neutral
Warna Silver Ready kaga bos? Thanks bos.,neutral
Saya mau kredit tv gmn caranya,neutral
pembayaran tanggal 4 pas gajian,neutral
Apa Nnt ini bs kredit Gmn sie caranya.....,neutral
Maaf ini ada port u.s.b nya ga,neutral
Klo cicilan musti punya kartu kredit gan semoga bermanfaat.,neutral
Barang masih Ada kah???,neutral
Minus nya apa,neutral
Ini beneran laptop apa bukan gan? Bisa di gunakan apa nggk??,neutral
Ni leptop kondisinya gimana,neutral
Ni laptop speck nya apa.  Barang hidup atau tidak,neutral
"Ini kondisi laptop gmn ? Mohon dijelaskan detail, thx",neutral
Klo ke toko di bali bisa lewat home kredit?,neutral
saya mau order lagi masih ada gak barangnya,neutral
"Jika terjadi rusak sebelum habis masa garansi, gimana di kembalikan?",neutral
Ori ngga ka?,neutral
Tolong pemberitahuanya kapan ada lagi?,neutral
Apakah ada garansi nasional dr Lenovo? Dan kalau saya beli apakah ada nota pembelian untuk klaim garansi? Thx u,neutral
Ada yg udah beli?,neutral
Gambar Dot pixel nya bisa di WA kan? 085731094368,neutral
Ada WiFi kah?,neutral
Ini layar bisa di sentuh ga ya?,neutral
Lokasi toko dimana ya?,neutral
Sdh survey ke beberapa marketplace rata2 hanya garansi toko. Yg uni gimana?,neutral
"LAZADA Hi item ready, u/ pemesanan add whatsApp: 0853-1403-1165 respon langsung aman dan terpercaya. Proses cepat Happy shopping. LAZADA.CO.ID         Terima kasih.",neutral
Ada tower speaker gak ni produk,neutral
Klw buat isi game ps bisa ga ya,neutral
Inii sesuai kan gan 64GB??,neutral
Apakah benar flaskdisk ini ukuran 64gb,neutral
Stok ada ga?,neutral
"Thanks lazada cuma 3 hari sdh tiba di biak-papua,  barang ok sesuai deskripsi...",neutral
Kak mau ini masih ya?  Pengiriman aman?,neutral
isinya cuma 2GB aja y??!,neutral
Gmn kok pke resiver GK bsa,neutral
kasih info donk yg udah bisa nyicil? gmn prosesnya yg gak pake kartu kredit...terima kasih,neutral
bisa Di Ganti Mi Sama Flash yang Lain cuman flash Distnya Saja Min,neutral
Flash dishny dbuat untuk ponsel zenfone go bisa gk?,neutral
Rumah hardisk ini bozq ?,neutral
semoga awet biar bs bli lg,neutral
"Cara garansinya gmna,sya mau bli yg ini tpi ga tau cara garansinya ke mna dan cara-caranya seperti aph.",neutral
apakah ini bisa pakai antena dalam? mohon jawabannya saya ingin beli,neutral
sdh sampai fdnya . trima ksh..,neutral
Gan klo  buat maen ets2 bus simulator Indonesia biasa gk?,neutral
segera luncurkan upgraded Android 9 pie untuk semua pengguna mi Tv.,neutral
blm di pake mudah2an 64 gb,neutral
Untuk harga laptop yg ini bener harga nya segini gak?,neutral
biar bintang yang bicara,neutral
Itu barange gimana bagus Ndak,neutral
"belum diciba sih,,mudah2n bagus",neutral
Brpa inch ukuran laptopnya nie.,neutral
Tidak bisa di kurangi ya biar jadi 1.000000,neutral
Ini laptop Apa notebook,neutral
"Kiriman sudah sampai tapi belum dicoba. Semoga saja awet. Packingnya mantap dah, sampai di Medan tidak ada kendala.Thanks Lazada",neutral
Lokasi mana bos.,neutral
cara masukin kartu sim nya gimana? tolong kasih tau yg bisa?,neutral
sudah terima barangnyaa,neutral
Batre nya kok cepet habis? Jika sambil di charge nyterum? pemasangan nya gak rapi ya? Belum saya cek semua semoga kagak lemod,neutral
sesuai llah......tpi blum di coba cy...pko ny mksih lazada jg selerr  tpat wktu nya.....,neutral
barang sudah datang tapi belum di coba semoga tidak ada masaah,neutral
"Barang nya sudah mendarat dengan baik dan mulus . belum di coba sih hehehe , semoga mulus ga ada kendala 🤭 aamiin . Terimakasih yaa",neutral
barang belum di coba,neutral
barang Terlihat Bagus tpi Belum Di coba...semoga Aja Tidak mengecewakan... pengirimab lama Banget Tpi Masih dalam prediksi pengiriman jadi masih saya Kasih Toleransi..,neutral
Paket mendarat dengan selamat tapi belum di coba,neutral
barang bagus keadaan baik masih normal cuman belum di coba aja sih dan pengiriman juga cepat 3 hari sampai siplah pokoknya,neutral
"Pengiriman cepat, packing bagus, sesuai pesanan. Belum di coba. Terima kasih",neutral
produk mantap sesuai deskripsi,neutral
belum di coba,neutral
"udangnya segar,makasih ya?",neutral
paket sudah diterima mksh ya,neutral
"baru mau di masak, smg cocok dan bs repeat order. thx",neutral
"kasih bintang 3 dulu, soalnya blum dicoba masak, semoga sy suka",neutral
Belum dicoba semoga puass,neutral
"Paket udah , sampe tapi belum dicoba semoga awet",neutral
Kemasan bagus. Belum dicoba. Inshaa Allah enak.,neutral
"barang sesuai pesanan, tapi belum dicoba karena puasa. semoga sesuai harapan, bisa jadi langganan 🙏",neutral
Seller sangat responsif. Rasa belum dicoba karena belum dibuka.,neutral
Saya coba dullu,neutral
Insa Allah beneran ini,neutral
Knp saya melanggar T&C?,neutral
Cobain deh rasanya?.....,neutral
cod ga ada?,neutral
Kok punya saya di pojok kanan bawah gk ada tulisan akunnya ya? Yg lain kok ada?,neutral
"Ini cuman My Passport biasa, bukan My Passport ULTRA, tulis deskripsi yang bener ya...",neutral
gmn yg udh make full ngk 64gb...kok gue jdi ragu mau order.,neutral
Saya belum ngerti,neutral
"Saya memesan barang,pas udah bayar tapi transaksinya gaada tapi saldonya udh kepotong, gmn ni???",neutral
Terima kasih  Barang sdh di terima,neutral
"Tq lazada,  seller n kurir.",neutral
Cara keridit gimana.....,neutral
Apa free bracket nya cuma available utk wilayag jabodetabek saja gan?,neutral
bisa byr d tempat ga,neutral
tiba2 ga bisa terbaca stelah 1 thn...bisa tolong?,neutral
"siang, barang sudah saya terima, ada yg mau saya tanyakan..  1. kartu garansinya kok gak ada ya? caranya klo minta garansi gimana? katanya 3 tahun 2. Auto Backup dengan WD Backup Software ini sudah didalemnya ato masih harus instal dlu karena gak dapet installernya?",neutral
"Gan, bisa install win 7 ngak ya?",neutral
Bisa discount gan?,neutral
Bagaimana carany kalau mau melakukan cicilan,neutral
Warnanya ada yg lain gak,neutral
Garansi berapa lama?,neutral
"gan hardisk ny kok mau di isi game yg lain kok gk bs masuk y, gmn tu",neutral
Bisa utk ps3 kan,neutral
Mas barang nya masih ada ga?,neutral
Barangnya masih ada ga mas?,neutral
Barang masih ada gan?,neutral
Berapa sih kapasitas nya min? 6TB?,neutral
kasih 4 dl...cos..blom test..,neutral
kata 16 gb yang ada 14 gb hadeh ini kenapa,neutral
Sisa brp gan?,neutral
Ini tvnya siaran analog dan digital ya gan?,neutral
apakah dapat dikirim ke bandung?,neutral
Gmn cara cicilan nya ?,neutral
barang diterima dalam kondisi baik (blm coba dioperasikan),neutral
Bisa untuk maen ps gan??,neutral
Berapa inci itu barang boz,neutral
Mau kredit. Cicilan nya berapa x bayar ?,neutral
"Bagi Yang Minat Order/Pesan Barang Kami,Silahkan Add WhatsApp/WA.085200343400..Langsung Dari Reseller Toko..Terimah Kasih.",neutral
Apakah bisa tolong diinstalkan Windows nya ka?,neutral
Terkirim artinya sudah terkirim ? Atau sudah di terima ? Saya tak ada di rumah....Jadi yg menerima siapa ya?,neutral
Kok ga bsa bayar di tempat ???? Gmana nih,neutral
Kalau bisa saya mau pesen,neutral
di krm ke jateng bisa gk gan,neutral
"barang sudah diterima, belum ditest.",neutral
Sudah 2 hari pemesanan kenapa statusny masih di proses ya?,neutral
"pengiriman cepat, cuma windows 10 nya trial 1 bulan ya ?",neutral
Apa Ada bawaan CD driver ?,neutral
Product telah diterima tapi kok manual booknya tidak ada?,neutral
one of nice.Untuk sewaktu waktu klaim garansi kemana ya?,neutral
brg sdah diterima,neutral
Saya mau cicil atau saya kredit setiap bulan saya bayar bsa ga ya,neutral
berapa lama kalau ke bone sulawesi  selatan.,neutral
Apakah memakai SIM CARD dan sudah 4g LTE,neutral
Kalo mau kredit Gmn cara Nya ?,neutral
"Pesanan saya kira2 smpe kapan ya?  Karna harus titip sm yg ada d kntor,   No pemesanan #3434195772",neutral
mohon cashback nya,neutral
minta petunjuk tempat perbaikan geransi resmi gmn,neutral
"hai sis,,,sya mau nyicil dan sya udh cek/lihat byran cclan prbulan nya. sya nanya sis,uang muka nya brapa ya sis,brant yg ini,,,",neutral
kalau di kirim ke bandung kira kira berapa hari ya gan ?,neutral
apakah ini bisa pakai antena dalam? mohon jawabannya saya ingin beli,neutral
Tv samsung ini bisa untuk monitor komputer juga ga ya?,neutral
Cara cicilan gimana?  Klo belum punya kartu kredit bisa cicil gx?,neutral
"di gambar ada 2 model tu les tebal dan tipis, yg mana satu yg benarnya?",neutral
Ini barangnya sesuai gambar persis gak? Lonjong wide screenya,neutral
cara mesan.nya gmna ya trus prsyaratan.nya apa aja,neutral
"tapi saya di luar jabotabek ,apa bisa di kirim kan.",neutral
cicilan bisa gak,neutral
"Aku mau tanya, TVnya bisa dicicil gak??",neutral
"ada LED TV SAMSUNG 40""/43"" ya.....  Saya mau beli",neutral
bisakah format movie mkv dan 3gp..??,neutral
Klo ngicil bayar nya kemana,neutral
Bisa di cicil kan ni produk nya,neutral
Kalau mau kridit gmana cara'y..?,neutral
Berapa watt takutnya watt nya besa,neutral
Coba ada bayar di tempat.w beli nich.,neutral
Bisa di cicil kan,neutral
Ini sudah bisa USB movei blm ya?,neutral
itu harganya sudah termasuk ongkir belum,neutral
Ini size nya berapa yaw...?,neutral
Masih ada ngga ?,neutral
kalau cara pemesanannya gimana ya,neutral
ada HDMI nya gak ya/?????,neutral
Pgn liat langsung bisa?,neutral
cicilan bisa nggak,neutral
Masih disegel atau udh second,neutral
Itu port USB nya ga bisa di pake yah? Kalaw bisa gimana caranya?,neutral
"sesuai pesanan, belum di coba, semoga bagus dan ga kenapa2",neutral
"Ini kenapa ya masih gada gmbar(rincem) udh pake antena apapun, apa dari tvnya atau gmana ini",neutral
"pengiriman n packing ok, tp urutan channel gk bs dirubah mungkin krn biasa pegang merek yg berbeda ya.",neutral
Barang sudah sampai walaupun lewat estimasi kiriman (mungkin weekend)..belum di buka mudah2an bagus..thanks lazada and ark burky,neutral
"Barang di terima 2hari setelah pemesanan, di kirim via pos indonesia, lumayan cepat! Kualitas produk sampai saat ini oke2 saja, semoga saja awet! Belum sempat di coba pakai hdmi ataupun usb",neutral
barang dah diterima minggu sore.  layak dan cepat. tlng pertimabangkan lg untuk packng keamanan barang bs ditingkatkan. tks,neutral
"Secara umum produk TV Philips ini menampilkan gambar yang tajam, cerah, bahkan bisa support saluran TV HD 1080i dari First Media. Slot HDMI yang disediakan sebanyak 2, dan slot USB sebanyak 1 yang bisa memainkan video dan MP3, sudah cukup melengkapi TV ini. TV ini sudah dilengkapi dgn speaker 6 Watt, namun sayang kualitas speaker kurang greget, suara yg dihasilkan standar. Kelemahan TV ini adalah kualitas gambar tidak sama ketika dibandingkan antara dilihat dari depan dengan dilihat dari pinggir, warna gambar menjadi lebih brightness bila dilihat dari sisi pinggir.",neutral
gan kok gak bisa bayar di tempat...1thn yg lalu saya beli di sini bsa.terimakasih..tadinya mau pesen lgi,neutral
"barang datang dus utuh, pengiriman k bandung sampe 3 hari. sudah dites dan tv nyala. sesuai, tp karena pesanan orangtua jadi belum dipake, semoga awet.",neutral
Alhamdulillah mendarat dgn aman. Pengirimannya juga cepet 2 hari lgs sampe. Blm dicoba. Semoga awet. Thx lazada dan sellernya.,neutral
Datang cepat. Packing bagus. Di setel bagus. Tapi aku maw tnyakan ya.. kenapa suara siaran mono semua ya ... apa ada settingan nya ?,neutral
Ini gan nomor pesanannya mohon di cek ya 3121198272,neutral
barangnya sdh sampai tp lama banget sampai kesal menunggunya...  ya yg penting barangnya sdh sampai deh tp bagus juga packing nya rapi....  tq lazada,neutral
alhamdulillah barang datang dengan selamat walao harus bertanya2 terus ke center lazada. tingkatkan kecepatan kirim maka toko lazada akan maju.,neutral
akhirnya setelah lewat dr estimasi tgl 16 pd tgl 17 dateng juga...barang bagus jernih suara lumayan cuma remote  kurang sensitif kayanya...cuma g ada kertas buat pengembalian barang walaupun emang g pingin dan semoga aman2 aja...cara ngisi kartu garansinya gmn?apa kita sendiri yang tulis...apa g pake stempel toko? tolong jawabannya trimksh...,neutral
"untuk harga segini, barang memuaskan..cuman dari sisi pengiriman perlu diperhatikan....hatur nuhun lazada...",neutral
"Barangnya akhirnya terkirim juga, meski lewat dari estimasi kedatangan, packing bagus, rapi Terimakasih Lazada...",neutral
"secara kemasan rapi walaupun cuman packing platik aja gak ada kemasan kayu,kualitas gambar bagus suara lumayan ok. untuk pengiriman terlambat dari jadwal yg sudah di tentukan.",neutral
"Tv nya udah sampai ,diantar Gocar,kurirnya ramah, tvnya bagus si ,tapi belum dicoba semua fiturnya,semoga awet",neutral
barang sudah sampai. kemasan bagus. terlambat 2hr dari jadwal. sudah di coba dan berfungsi dengan baik. terima kasih lazada.,neutral
barang terjamin sesuai di gambar dan deskripsi,neutral
Barang sesuai deskripsi dan berfungsi dengan baik.,neutral
"pesen 13 des 17 n barang sampai 22 des 17 (sore),,pengiriman LAMA,,karna kelaman hampir aja di cancel..untung COD kalo transfer duluan mungkin udah kepikiran terus,,takut ngga sampai..tp akhirnya sampai jg barangnya,,Packing rapi,,Fisik barang bagus (blm dilihat semua fungsi Tv nya),,tombol manual TV terkesan agak ringkih seperti tombol mainan,,untuk harga segini Over All Good..SEMOGA AJA AWET TV nya..pesen buat LAZADA,,Tingkatkan Lagi PENGIRIMAN BARANGnya biar CEPAT & Selalu Dicek dulu KELAYAKAN & KUALITAS BARANG sebelum barang dikirim biar barang ga di retur..THANKS",neutral
"Kualitas barang bagus, packing rapi, petugas ekspedisinya juga gercep. Tapi barang datang +-3 hari kerja melewati estimasi waktu maksimal, padahal posisi gw d Jakpus. Andai barang datang sesuai estimasi waktu, pasti gw kasih bintang 5.",neutral
Pesanan sudah sampai tp telat 3 hari.. hati2 penipuan sama contact wa mengatasnamakan lazada d comment lazada.. karena pihak lazada tidak ada contact wa.. saya hampir kena tipu..  thanks lazada,neutral
harga terjangkau menurut penilaianq sbg org awam kekurangan produc ada d sound sm warna kurang tajam. tp lumayan lah mudah2an awet. terimakasih lazada,neutral
"Order pas halbonas 12/12/17 pembayaran COD, estimasi sampai tgl 15/12/17, ternyata lewat batas (saya maklumi dikarenakan sedang halbonas) baru sampai tgl 19/12/17 sore hari. Awal order katanya free braket tv, barang sampai ternyata tidak ada braketnya.  Over all, semuanya lengkap, pengemasan pake buble wrap, ada remote + batu baterai.  Sudah di cek, Alhamdulillah aman..  Ini kado hari Ibu buat Ibunda tersayang yg sudah membesarkan saya dan mengantarkan saya ke jenjang pernikahan.. Semoga awet yah buuu..",neutral
"barang diterima , kualitas barang bagus , pengirimannya memakan waktu 6 hari , minus bracket yg ""katanya"" bonus itu. bagaimana lazada menanggapinya?",neutral
"sudah dibterima dengan baik sesuai deskripsi nya + bonus nya jg  tp lum di coba cek, semoga memuaskan. tks",neutral
"Packing nya ok lah. Cuma belum sempat d cek nyala apa tidak nya. Baru dilihat kelengkapan, sesuai sama yang d iklankan.. Pengiriman justru lebih awal, bagus lah. Harusnya tgl 8,eh tgl 7 sudah dateng.. Trimakasih fast respon nya pelayanan ok.",neutral
Barang ok dah sampai langsung di test mantap...cuma kekurangan nya pengiriman saja...lebih enak kalau pakai lex...kalau pake pos gak jelas kapan datangnya...,neutral
"Bagus, packing'a sangat rapih,  alhamdulillah tidak prnh mengecewakan blnja d lazada,  cma masih blum ngerti cara menghubungkan hp ke led",neutral
Beli tv sampe sebelum estimasi habis.. jasa pengiriman baik.. saya dapet pas promoo jadi harga super murah dibanding toko offline... TV ini belum digital support :),neutral
barang sesuai deskripsi dan cepat sampai mudah mudahan awet,neutral
mas minta nomor resi pesanan yang ini #3183185732 ko ga ada nomor resinya adanya cuma nama jasa pengirmannnya doang,neutral
"Packing kayu,dilapis bubble wrap pada kotaknya,pengemasan rapi walaupun melewati batas estimasi pengiriman ke Pontianak,kurir ramah,baik saat ditest brg memuaskan god job Lazada...",neutral
"Barang sudah sampai, packing kayu, ternyata ada bagian packingnya patah, kardusnyapun terlihat rusak sobek dibagian kayu packingnya yg patah, eh setelah dibuka ternyata lcd tv nya remuk, alhirnya saya langsung lakukan retur. Barang sudah saya packing kembali seperti sediakala utk di retur kepada jne nya lagi, dan saya ingin pesan lagi.",neutral
Tv 32inc bagus. Packing ok. Pengiriman ok. Cuma harganya naik sedikit sedikit ya. Awal pesan 1 unit harga 1.999.000. Beli lagi 2 unit harga 2.049.000. Sekarang naik lagi.,neutral
"secara kualitas tv tidak perlu diragukan dan sangat memuaskan,  tp yg menjadi masalah ialah pengirimannya yg lama hampir 1 bulan baru nyampe... memang sih ongkirnya murah tp lok bisa jangan selama itu juga kali",neutral
"so far, barang yg diterima sesuai deskripsi.",neutral
"Comment hanya terbaik di cantumkan,comment saya mana menyatakan barang tidak sesuai,free antivirus nya mana??!!",neutral
trimksh paket sdh diterima dan sdh dipakai,neutral
dikembalikan krn rusak,neutral
Voucher potongan 60 ud g blaku kah?,neutral
barang mendarat dgn sempurna,neutral
Tq bgt lazada dan kredivo hihi,neutral
Kak mau ini masih ya?  Pengiriman aman?,neutral
Terima kasih tvnya sudah nyampe tinggal dites,neutral
tv pilihan utk low bujet 2 jt,neutral
Brng udh di terima thanks lazada,neutral
"Cara garansinya gmna,sya mau bli yg ini tpi ga tau cara garansinya ke mna dan cara-caranya seperti aph.",neutral
"Mau nanya ? sy kmrn br pesan tgl 4 nov 17, barang sdh sampai 6 nov 17. tapi knapa pas dihidupin selama 3 jam lebih ,sy pegang bagian blakang tv agak panas ya .... Beda sm tv samsung dan panasonic led 32 saya ?",neutral
"kurirnya ark express,katanya baru tapi ga ngecewain gan.mantap..barang smpe tadi siang2,blm dicoba..stlh ane coba baru ganti reviewnya lg gan",neutral
"brg sy sudah sampai, kartu garansi ada, tp ko ga ada invoice ya? apa bukti nya yg di email? trus sy print? mhon pencerahan nya ya. mksih.",neutral
"Pelayanan cukup memuaskan,paking rapi dan tv led bagus tak ada kendala ,cuma saya pengen tahu apa tv led phllips 32""32 pha 4100 ini sudah terdaftar garansinya... Terima kasih lazada ....... Saya sangat senang sistem bayar di tempat ini",neutral
Kapan kredivo bisa aktif di kota malang jatim?,neutral
tolong dong yg punya informasi cara merubah subtitle bagaimana caranya,neutral
barang sdh datang...baru dicoba 2 hari remot sdh tdk berfungsi....mohon bisa diperbaiki...,neutral
Barang gak sampai samapi cekresi gak bisa,neutral
"Pesanan barang datang dalam 1 hari, packaging rapih,pengiriman tepat lokasinya.fungsional belum di test.Thanks Lazadaa",neutral
ga ada invoice ny nih buat klaim garansi,neutral
Tolong konfirmasi ke kurir nyaa.. barang belum sampai dengan sekarang Terima kasih,neutral
"harga murah, gambar jernih tp suaranya kurang keras",neutral
Kualitas nya sesuai harga laah... Berharap bisa bertahan lama,neutral
"Pengiriman telat, kualitas ok, harga ok",neutral
"barang ok,  harga tergolong murah,  pengiriman lama, di luar estimasi lazada.",neutral
"Diterima dg packing baik, biar pun agak lama. Tksh lazada",neutral
Gambar bagus cuma suara stereonya kok gak muncul ya.. Nunjuk mono utk tv,neutral
"Terkirim pas waktu terakhir estimasi , namun baik untuk pengemasan dan pengirimannya",neutral
gan kok punya saya belum dikirim knp ya,neutral
barang bagus tapi pengiriman nya lewat 2 hari dari estimasi,neutral
Estimasi lewat bbrpa hr. Brg diterima dalam keadaan baik dan semoga awet,neutral
Layar standar dengan harga yg murah. Gak usah eksekusi terlalu tinggi dengan harga gak gitu mahal,neutral
Barang sampai 2 hari dengan selamat dan sesuai deskripsi,neutral
"Packing lumayan, harga murah dpt free bracket. Belum dicoba semoga bagis dan awet. Thanks Lazada.",neutral
barang mantap. cuma pengiriman telat 5 hri dri estimasi. trima kasih lazada,neutral
lumayan lama datengny..tp okelah barangny...tks lazada.,neutral
Lumayan murah tambah pakai voucher harbolnas,neutral
barang d terima dgn baik.. dan cukup bagus untuk led harga d bawah 2jt,neutral
Sudah lewat estimasi kok belom sampai. Padahal area jabodetabek,neutral
seusai pesanana walaupun malem bgt nyampenya jam 10 malam hahaha,neutral
standard saja kuaitasnya,neutral
"TV nya bagus cuma sayang bonus bracketnya tidak ada, padahal beli pd saat harbolnas",neutral
"Pesanan saya klo bisa dkirim hari sabtu, trims",neutral
"Kemasan rapi,blm di cobain,mudah2 nggak mengecewakan dan awet",neutral
"Produk ok, standar warna dan gambar cukup baik, harga promonya menjadikannya value for money.",neutral
Gambar jernih cuma kekurangan di suara krg ngebass,neutral
Walaupun datangnya agak lama. Tapi cukup puas. Packing rapih...,neutral
sesuai dengan pesanan tp kcw krn hrg flashsale sya trmsuk mhl.ni mlh lbh murh,neutral
Kenapa belum di selesai in penggiriman ya pak...,neutral
KO BRacket nya  ga ad ya padahal itukan agian dari kewajiban splayer... ORDer  3132837162,neutral
"Pesen tgl 02 juni estimasi sampai tgl 04 - 07 juni,, lha ini udah tgl 11 juni blm ada kabar juga....",neutral
Worth it lah dgn harga dibawah 2jt tp kok ada dead pixel yah? Apa bakal nyebar?,neutral
Good product! Belum dicoba untuk siaran digital sih tapi kualitas oke untuk harg segitu dan 43 inci.,neutral
btw Invoice nya kenapa gak di sertakan?,neutral
"blm docoba sih...soalnya laginunggu bracketnya blm datang ,dari lazada",neutral
skrg lg ragu apakah bisa menangkap digital?? kalo di youtube sih bisa. tp ga ada ket DVB T2,neutral
"Tolong balas gan, harganya seriusan tuh 48"" 1,8 jtan.... Klo bnr masih ad ga gan barangnya.... Bungkus nih.",neutral
Ini sebenarnya 48 inc atau 24 inc sih yg bener yg mana,neutral
"Ini merk sebenarnya sony atau panasonic dan incinya 24 atau 48, karena didiscreption tidak sesuai dg barang yg ditawarkan,  mohon penjelasannya",neutral
"Iklan nya Sony kok tampilannya panasonic, yg bener 48 inc atau 24 inc",neutral
"Judulnya sony smart 32, gambarnya Panasonic, deskripsinya 24"". Maunya tuh apa??",neutral
Di depaan discription nya 48 inch tapi krterangan kok 24 inch mna nih yg bener,neutral
Mana yg benar ya... 24 inch atau 48 inch...???,neutral
Ini tv berapa inch sebenarnya..48 inch / 24 inch..terima kasih,neutral
Tu ga slh harganya buat tv led sony 48 inci klu bnern blh tu,neutral
Ini panasonic apa sony.?,neutral
Ini sony 48 inci apa 24 inci yg benar?,neutral
Barang telah sampai 1 tahun yg lalu ...maaf baru sempat tulis ulasan...👍👍👍,neutral
Apa ini isinya real 2 Tera Byte??,neutral
Ini si colokannya emang gak masuk ke hp ya? Trus cocoknya buat hp apa klo bisa tulis buat hp apa aja masuknya,neutral
Bintang 3 utk produknya dan pengirimannya yg cepat. Sayang saya ga bs cek kelengkapannya serta bonus2 nya. Dikarenakan ini produk pesenan bos. Hingga sekarang ga ada komplain utk produknya. Semoga lanjay dan awet. Terima kasih,neutral
"oke sampe gan, total ruangnya 29,7 GB",neutral
"sedikit tanda tanya, 32 GB tapi isinya gx full",neutral
Bisa buat dvd gaj,neutral
Kirim ke cipanas bs ga gan ?,neutral
ini original toshiba atau kw yah gan?,neutral
Saya mau nanya bisa gak untuk ps2.,neutral
Barangnya ready g? Trus isinya benar2 2 TB g?,neutral
Ini penyimpananx 2 tb kan? Msi ready nggak??,neutral
Untuk harga laptop yg ini bener harga nya segini gak?,neutral
"Mv gan,nyampe brapa hari yaa...alamat,Bintara Kranji Bekasi ..itu baru liat film di USB apa gmn gan?makasih",neutral
brang masih Ready ngga ? kirim ke Bekasi bisa ? dan kalau mau cicil gimna cara nya,neutral
"speaker yg 1 kayaknya agak pecah suaranya, boleh ganti gak?",neutral
"Pesanan saya di batalkan secara tiba2,uang sudah ditransfer, gimana cara pengembalian uangny?",neutral
Saya baru kali ini belanja online apakah produk ini bisa saya bayar setelah barang sampai,neutral
"Saya mau mengajukan kredit,caranya seperti apa,085692294155,terima kasih",neutral
Aku mau dong ngambil tv ini tapi gmna caranya yaa..,neutral
Kirim ke surabaya knp gak bisa ya ..?,neutral
KL seandainya mau keredit ada uang muka nya gk? Terus yg 12 bulan ada gk?,neutral
saya tunggu ya kabar dari lazada,neutral
apakah ada warna lain?? seperti warna hitam?,neutral
barang blm di buka ga tau ada brechatnya atau tidak,neutral
asli 16gb ga nih gann,neutral
barang blm di buka ga tau ada brechatnya atau tidak,neutral
terima kasih lazzzzzzzzzzzzzzzzzz,neutral
Bagaimana persayatan kalau mau kredit?,neutral
Ini laptop Apa notebook,neutral
Boleh nyicil ga gan please,neutral
Klau cicilan gmna cara bayarny?,neutral
Apakah ini bisa menjamin,neutral
Mohin infonya.dong kalau instal sendiri gmnaya,neutral
Gan barang masih ada,neutral
yg ini msh ada???,neutral
Barang sudah sampai.. tapi belum di install windowsnya.,neutral
"Sist, in NBx dgn hrga skian di atas kondosix masih baru ato bkas nich...?",neutral
Kalo nyicil bisa gak? Apa syaratnya?,neutral
Itu barange gimana bagus Ndak,neutral
Instal laptop free dos https://youtu.be/wTElYmvXol4,neutral
Bisa bayar ditempat gk ?,neutral
Malam kak mau tanya kalok kredit gimna cranya,neutral
Ada cd room nya kah?,neutral
"Garansinya apa ya, ada di Bandung apa tidak",neutral
Barang masih ada atau gak sama ada warna hitam?,neutral
Ada warna putih nya seperti di gambar,neutral
Assalamualaikum nih harga yh berapa siyal yh kuat gk,neutral
Bagus gak kalo bagus saya kasih bintang lagi,neutral
Cara cicilan perbuatan brp gan,neutral
Bisa pake window 7 64 bit ga ya,neutral
Brpa inch ukuran laptopnya nie.,neutral
Min ini ada tempat cd nya ngk ?,neutral
Apaka di Lazada Bisa Cicil?,neutral
Ada garansi nya gak ?,neutral
Gmna klo mau nyicil,neutral
Ini pake cd/dvd room apa tidak? Atau memerlukan driver tambahan?,neutral
Min ini kenapa? Kok gak ada suaranya?barang Bisa dituker gk?,neutral
"Slmt siang, mo tanya kl mo kredit barang mesti harus pakai kartu kredit ya? Gak bisa transfer & u/ dp nya berapa. Mksh",neutral
"...........ASSALAMUALAIKUM WR,WB............. Promo,, Cuci gudang Bulan RAMADHAN SALE !!!  HARGA MURAH!!!!! KWALITAS TERJAMIN !!!!!! alamat Jalan Puspa II, Cengkareng,jakarta barat, 11720  Melayani Pembelian Gadget  Via Online dari Seluruh Penjuru Tanah Air di Indonesia,dgn Sistem Pembayaran yg Simple & Pengiriman yg Cepat,Aman, & Tentunya dg Pelayanan yg Ramah serta 24Jam. - KETERANGAN BARANG: Produk Yang Kami Jual 100%  Ori New Brand  BUKAN RECOND/REFURBISHED Fullset  Mesin 100% ORIGINAL Garansi Replace (ganti barang) 1 minggu. Garansi Distributor 1tahun Cat Penting Tentang Kami -Anda gak perlu khawatir/takut belanja dgn Saya karena saya 100% MURNI DAGANG TIDAK ADA UNSUR PENIPUAN atau sejenisnya.  -Barang yg telah dibayar saya jamin akan terkirim utuh dan lengkap secara aman.(Karena Saya Bukan Penjual Abal_Abal ) -Saya Menberikan Garansi Uang Kembali 100% Bila Mana, dlm Pengiriman Terjadi Trouble(Barang Hilang/Tidak Sampai atau Rusak) NB:KAMI TIDAK MELAYANI REKENING SHOPEE KARNA PRODUK YG KAMI TAWARKAN ADALAH BLACKMARKET/JADI PENBAYARAN LANSUNG KE REKENING BEDAHARA KAMI YG BERMINAT LANSUNG SIST/GAN HUB NOMOR/PIN BB YG DI BAWA Silahkan langsung hubungi kami. PIN BBM: D9715952 WA: 0823 9304 0345 FORMAT PEMESANAN: 1.Nama: 2.ALAMAT LENGKAP: 3.KOTA TUJUANG: 4.TYPE DAN WARNA PESANAN: 5.NO.HP: 6.KODE POS: KIRIM VIA WA/SMS DI NO.: 082393040345 PIN BB:D9715952",neutral
Laptop ini ada touch screenya gak? kalo ada mo beli,neutral
Ini laptop atau notebook?,neutral
Klu cicilan langsung ga pake krt kredit gmn yah?,neutral
Tinggal di kab.semarang tapi daerah tinggal ku tdk ada,neutral
Gan klo  buat maen ets2 bus simulator Indonesia biasa gk?,neutral
Kalo cara kreditnya(cicilanya)gimna,neutral
"Windows10 sudah terinstal? Tingal pakai saja?? Ada yg bilang sudah, ada yg bilang belum",neutral
"Bagaimana....... Caranya nyicil, trs apakah pakai syarat2 gt",neutral
Saya mau ambil laptop Tapi cicil Gimana caranya,neutral
Ini bisa buat main Pb tindak,neutral
Bisa main Game Pc gk ini,neutral
"Dulu ane beli ini 4,5 jt ... Sekarang udah 2 jt aja ....",neutral
Bagaimna cara kredit.x..???..,neutral
Bisa d cicil gk...tapi tanpa kartu kredit bisa gk ya,neutral
Windows nya sudah di instal ya gan?,neutral
barang tdk datang dan blm sy terima tp kok notifnya diterima ya ? apakah ada permainan di kurirnya ?,neutral
"PIRT-1000006338 Kode Resi nya Udah bener belum om?, Soal nya gak bisa di cek..",neutral
Apa bener nih gan bisa buat muter video lewat usb?,neutral
"kasih bntng 3 dlu, paketnya udh di terima, packingnya standar, harusnya klo untk barang kk gtu sih mnurut saya harus pke bubble wrap barang blm dicoba, ntar kasih lgu ulasannya klo udh di test.  Kurirnya baik, pengiriman cpat pesan tgl 27 pagi tggl 28 siang udh nympe flashdisk berfungsi dgan baik, kapasitas 15,65 gb Trimakasih lazada",neutral
ini udah win10 blm?,neutral
Admin ko laptop saya belom sampe juga ya..atas nama mamah asqalaniy,neutral
Bisa kredit dg home kredit g?,neutral
Barang baru atau bekas?,neutral
"Udh 1 minggu order laptop padahal udh sesuai petunjuk..g bisa"" gman carany min ini?",neutral
Kok ga ada isi kotaknya.? Tar malah yg datang cuman leptop doang.,neutral
Pengiriman cepat tetapi Gambarnya blur semua padahal di tv sebelumnya jernih.. bagaimana solusinya ya?,neutral
"Untuk pengiriman oke, tapi saat di coba usbnya ko ga bisa yah ka? Apakah tusak usbnya? Bagaimana solusinya",neutral
cara pembayarannya bisa lewat apa aja ya gann,neutral
"Pesen jam 12 malem jum'at sabtu siang dah sampe, barangnya ORI thank's walau belum di liat speed transfernya",neutral
"barang sesuai dengan deskripsi produk dan pengirimannya 3 hari. tapi pas di buka di dalamnya kok tidak ada kartu garansi? apa memang tidak ada? dan kertas pengembalian Lazada juga tidak ada. overall bagus support di segala jenis device. ukuran 32GB namun yang terbaca hanya 29 sekian GB,ini wajar karena termakan sistem.",neutral
"Kalo produk dari sandisk sudah pasti jaminan mutu lah, tapi liat dulu seller nya ya? ada juga yang abal abal",neutral
#3459856426 kenapa belum juga nyampe??,neutral
Kualitas bicara. Harga gila. Ada yg lebih dari rekomended?,neutral
"barang bagus garansi 10 thn berlaku di medan ,,??",neutral
ini apakah sudah include kartu garansinyaa,neutral
isinya cuma 60gb apa cuma segitu yaa?,neutral
"blom coba sih,tapi yakin ok kalau belinya di official store",neutral
barang sudah sampai dirumah tapi belum di cek soalnya masih di luar kota,neutral
bagaimana agar bisa terbaca di tv led,neutral
Gan ini dapat gratis kabel usbnya gk gan???,neutral
saya sudah pesan yaa inii,neutral
kapasitas nya ko 14 gb ya?,neutral
trimakasih. barang sdh saya terima,neutral
Kabel OTG nya rusak ya gan? Ko saya colokin ga bisa connect,neutral
klo nyimpan file berupa folder selalu file empty.,neutral
kak flashnya dicolokin ke HP Samsung J2 Prime knp ndak bisa ya?????,neutral
Compatible  buat linux ga ?,neutral
Ini kapaaitasnya berapa gan,neutral
Bagaimana caranya untuk memesan banyak? Saya mau pesan 30-50,neutral
pesan satu kok malah dikirim dua?,neutral
"Tolong di bantu dong,cara kredit tanpa kartu kredit gmna y ?minat si cuma masih bingung",neutral
Saya Mau nyicil boleh gimana Cara nya bls,neutral
Gan..boleh tau ga lokasi toko di mana..,neutral
Gan saya mau nyicil bisa gak??,neutral
Bisa kredit ga,neutral
Boleh nggak kalau misalkan credit,neutral
Transfer data oke..kapasitas ???,neutral
Bagaimana cara membatalkan pesanan barang tersebut ?,neutral
udah nyampe tapi belum dicoba,neutral
saya pesan fd hp 64 gb tpi yg dtang 32 gb.  gimana caranya saya mau tukar??,neutral
Kenapa barang yang dikirim isinya sepatu?,neutral
"Pemesanan cukup bagus dan cepat...  Packing rapi mskipun ada sobek dkit...  Untuk kartu garansi nya di kirim kemana ya???  Knpa utk chanel MNC group ga jelas ya??? rcti, mnctv, i news tv",neutral
kenapa kuitansi pembelian belum dikirim??? katanya dikirim ke email tapi sampai saat ini belum ada???,neutral
Saya gak dapet buku garansi sama kwitansi/faktur penjualan nya...,neutral
buku garansinya dimana kok ndak ada dalam kemasan,neutral
"Awalnya sih flashdisnya bagus-bagus aja, kenapa sekarang minta format ya??? dibandingan dgn flashdisk yg lain ada perbedaan di tulisannya yg 64gb warna bacaan sandisknya kurang cerah",neutral
Belum di cobain. Semoga barangnya bagus awet,neutral
Garansi nya garansi resmi ngga pak,neutral
"barang nya engak sesuai pesanan, apabisa di tukar sesuai dengan yg di pesan?",neutral
Katanya ada handsfree?? kok gak ada sy terima??,neutral
katanya free handset tp knp gak ada ya.,neutral
barang nya juga belum keterima tapi ada laporan udah keterima bagaimana urusannya?,neutral
"saya cari channels RCTI, SCTV ko gka ada ya??",neutral
proses unboxing bisa anda tonton di link berikut : https://m.youtube.com/watch?v=VSZMmtCAYlA,neutral
"Kok Masih kosongan, belum ada  ms. Office nya",neutral
ok tiba cepat barang bagus hanya tidak ada nota pembelian nanti klaim garansi nya gmn ya ?,neutral
"barang mati sendiri, cara mengembalikan barang bagaimana.?",neutral
"Barangnya bagus sesuai display, pengiriman cepat dan respon penjual bagus tp kenapa tidak ada kartu garansi ya?? Gmn klo ada trouble sama TV nya???",neutral
Hadiah speakernya taro dimanataaa???,neutral
ini kenapa 58.7 GB ya? seharusnya kan 64GB dan perbedaannya 5.3Gb Tapi untuk packing bagus dan aman juga tidak ada kerusakan,neutral
barang ok sesuai.tp kok isinya 58 Gb ya?.,neutral
Bungkusannya warna ijo gak ?  Ada yg pernah beli ..,neutral
"TV mantap,  pengiriman cepat sekali cuma catchplay, hooq, iflixnya koq ga bisa ya?  gimana cara settingnya? download terus ga selesai pdhal udah konek wifi",neutral
mana bundling smartfrennya? kok gak ada? lantas knapa di iklannya ada bundling smartfren?,neutral
mantul batangnga tpi kenapa ga ada buku garansi nya ya ?,neutral
"Mantap sudah datang, barang mulus no lecet. aman pokoknya. untuk gratis hooq dll gimana ya caranya btw?",neutral
"tv berfungsi dengan baik , tapi kenapa remotnya tidak bekerja sama sekali ....bagaimana solusinya ??? untungnya bisa pake aplikasi remot tivi android , jadi remotnya pake hp saya",neutral
ptoduk sdh diterima. sejauh ini barang bagus sih.. gambar jernih. untuk free free langganan HOOQ nya bisa diterima kapan..???,neutral
mau sambungin layar hp ke tvnya gimana ya? jangan lupa bonus paket hooq sama iflix hehe,neutral
"barang sudah sampai tepat waktu ,tapi bonus kuotanya yg di iklankan ngga dikirimkan ,,,?",neutral
min untuk paket HOOQ nya kapan dikirimkan?,neutral
"kalo TV nya ada apa apa, apa bisa minta tolong untuk di refund?",neutral
Barang cepat sampai. Tapi CATCH PLAY nya belum bisa nih min.. boleh di bantu..?,neutral
sya masih bingung soal free HOOQ nya bagaimana cara nya ??? mohon bantuan seller.,neutral
bagaimana cara menghubungkan game pad untuk main game ?? dan game pad seperti apa yg cocok?,neutral
buku garansinya seperti apa ya contohnya? soalnya saya cari buku garansinya tidak ada,neutral
ini gmn sih.. ko kaki TV nya gak ada?? saya komplain kmn inih kaki tv nya gak ada??,neutral
Terima kasih sudah sampai...btw cara cetak invoice pembelian lazada bagaimana?,neutral
"baru unboxing, koq aku ga dapet kabel hdmi nya yaa, mesti beli senditi apa udah termasuk dalam dus tvnya gan??",neutral
"barang belum saya terima tp dinotif uda dterima jd nanti saya ubah kalo barang orderan saya uda dikirim dan nyata dtangan saya,makasi",neutral
sayang tidak ada INVOICE atau NOTA pembelian trus gimana cara klaim garansinya nanti brooo....??????,neutral
bolongan untuk pasang berketnya koq cuma satu yaaah (ditutup) apakah bisa di bolongin ??,neutral
"barang sudah saya terima, ternyata tv ini tidak bisa terima siaran digital. Apakah bisa tukar dengan yg bisa terima siaran digital ? tambah uang tidak masalah buat saya, mohon jawaban, Terima kasih",neutral
barang sudah sampai ok smua kondisinya mau tanya knp gbr nya terang bgt yaa jd silau liat nya trs tv ini bs pk breket gak,neutral
Barang udah diterima tapi knp gambar yg pojok gosong ya bisa komplainkah..?,neutral
barang baru di tes sedikit mudah2 han bgs,neutral
bonus stik bluetooth kok kgk ada????,neutral
ada beberapa tombol remote tidak berfungsi. solusinya gimana???,neutral
cuma kabel buat volokan ke laptopnya kok gak ada gan?  gmn ini,neutral
apa benar ini dell indonesiaa?,neutral
"tv sudah di terima, tapi tanpa bracket. gimana ni gan ? katanya free bracket. Untuk paket hooqnya gimana ?",neutral
spesifikasi katanya full hd kenapa pas di test pake aida64 resolusi hanya hd ready1280 x 720??? mohon penjelasannya xiaomi indonesia????,neutral
"Min kenapa mau komplain ga di respon ama pihak penjual ,,trus lanjut ke cs tokped ga d respon gimana nich min barangnya emang ga bisa di pakai..",neutral
ko dapet bonus smartfrennya kaga ada yah???,neutral
voucher hooqnya belum dikirim,neutral
pak..ini terjadi retak di kaca layar.....saya mau klaim bisa ngak ya,neutral
"Screen di Patchwall sering blank screen dan perlu di restart berulang2, bagaimana cara return atau tukar?",neutral
"ini kenapa ya layarnya cuma warnanya item doang, apakah rusak ?",neutral
ok lah brgnya sesuai hrg,neutral
"Barang sampai hitungan kurang dari 24 jam, gratis hooq bagaimana aktivasinya? Tidak ada penjelasan detail",neutral
baru dipakai beberapa hari knp muncul seperti ini? bagaimana untuk returnya,neutral
kapan ya bonusnya lazada di kirim paket hoqq nya??? tolong dong di respon,neutral
"waktu pengirimannya sangat lama, tapi secara umum tvnya baik, berfungsi semua, mana voucer hooq nya ??",neutral
"voucher free hooq 6 blnnya, cara dapatkannya bagaimana yaa?? tidak ada notif di email juga,,, mohon dikirimkan.",neutral
gak bisa pake apps VIU ya,neutral
barang sudah sampai.. trus cara dapet bonusnya gimana?,neutral
kartu garansinya ditanyain malah suruh hubungin lagi (kartu garansinya bukan paket ama tvnya ya?,neutral
bracket tidak ada. padahal paket harusnya include bracket.,neutral
Kenapa flashdisk nya nggak mau terdeteksi di HP..?,neutral
kenapa isinya cuma 28gb kak?? tapi yaudah gapapa siihh...,neutral
sy mintanya ini tp dapetnya kok micro sd ya??,neutral
sudah sampai dgn safety 😅 cuma kok tidak pakai kayu ya?,neutral
"katanya pake remote untuk Google assistant ga bisa,cuma berapa hari doank bisa?",neutral
btw VIP card nya kok ga ada ya? apa bener skrg VIP card dikirim lewat email 15 hari setelah pembelian 11.11 ini ??,neutral
kenapa remote tidak berfungsi ya?? pdhl pake batreinya baru...,neutral
barang sedang di coba smpai sejauh ini bgs...pengiriman cepet bida COD....tp kartu garansi nya ko ga ada yah?? bisa di jelaskan? kapan sy dpt kartu garansi nya?,neutral
"Belum unboxing, namun tampaknya oke.. Coocaa, ini kartu garansinya mana ya. Sy bongkar2 kok gak ada ya? Soalnya kl lihat petunjuknya, potongan kartu garansi harus dikirimkan agar garansinya berlaku. Mohon konfirmasinya.",neutral
"kalau sudah pernah beli dengan nomor telfon yang sama, masa gak bisa beli untuk ke 2x nya ? langsung gangguan pada saat klik ""Buat Pesanan""",neutral
duh kok ga bs netflix ?  yg lainnya si bgs,neutral
Kaga ada browsernya ya?,neutral
"tv ini saya kira bisa buat main game kayak merk sebelah, ternyata g bisa ya?",neutral
ini gimana minta kode pos EWS ???,neutral
Kenapa tidak dapat kabel hdmi ya ?,neutral
mudah mudahan bisa awet barangnyaaa,neutral
Saya pesannya flashdisk Kunci tp datangnya koq model kartu ???,neutral
tiap dimasukkan laptop koq keluar pesan kalo error detected dan need to be scanned?,neutral
TV nya belum di test bagus apa engga,neutral
min mau tanya gunanya lazadacare untuk apa?,neutral
Pilihan menunya gk bias pakai bahasa indonesia ya??,neutral
apakah MNC tv dan global tv ga ada ?,neutral
dear seller. saya pesen 1 pcs kenapa dikirim 2 yaa. cara balikin nya gimana?,neutral
bolehlah. tanya alesan ? murah. dah itu aja,neutral
Tabletnya sih ok tp kok pas masukin sim card kok susah ya?,neutral
posisi SIM dan  micro SD bagaimana kok gak connect terus?,neutral
cara masukin kartu sim nya gimana? tolong kasih tau yg bisa?,neutral
"Kok Pecah.... ndak bs d pake lagi,terus saya harus gimana ????  Saya harus kembalikan dmn....& bagaimana caranya...?? tolong penjelasan nya...",neutral
tab udh nympk tp layarny pecah ini gmn? cara balikinny gmna,neutral
barang bagus tapi lemot layar nya pecah ...bisa tukar nggak,neutral
lampu flasligtnya gk mau off.. ada yg bisa bantu kasih off tidak yah?,neutral
ka tv nya layarnya ada garisnya gimana bisa tuker kan ?,neutral
bagaimana caranya agar bisa seperti tv biasa kak ? tidak pakai internet ?,neutral
kenapa gk bisa nge.play ??,neutral
"barang udah nyampe,,tapi biru lagi""aku pengen yg hijau???",neutral
"udah nyampe,,,,saya tdi pesen lagi, tapi pengen yg hijau????",neutral
kok tv yg datengnya beda bkn Polytron yg dateng malah TV LG klo mau laporan ke siapa ?pengenbaliannya ? siapa yg mau tanggung jawab ?,neutral
bagaimana cara mendapatkan office product key ?,neutral
Ini kunci produk Microsoft nya dimana ya? Gabisa dipakai tanpa itu,neutral
"Mau tanya ini cicilnya pake apa ya,cc bkn?",neutral
Apakah TV. Tsb. Suda ada anti gores..,neutral
belum test barangnya,neutral
Bisa kiri. Ke kota blitar tidak?!,neutral
Klw.di kirim k karawang bisa gak?,neutral
ini memori nya brp gb ya tolong di jawab,neutral
"Saya juga dapat bonus tas Dell 14"" tapi tasnya standar (kisaran tas2 harga 80rb)",neutral
"Pgen  kridit tanpa kartu kridit, tp engga tau caray.tolong bantuany?",neutral
"laptop nya blank, gimana ini?",neutral
Mohon di cek kembali sudah benar untuk harganya apa belum ?,neutral
"barang sudah keterima tapi setelah 2 hari remote nya ga jalan, ini masih garansi ga?.",neutral
Batre nya kok cepet habis? Jika sambil di charge nyterum? pemasangan nya gak rapi ya? Belum saya cek semua semoga kagak lemod,neutral
Kenapa ada garis di laptop nya? Kita minta diganti dengan prodoct yang baru ya,neutral
"bhinneka, baru sehari dipakai flashdisknya eror write protected setelah copy data. apa bisa di garansikan?",neutral
Saya konek USB kenapa tidak ada pilihan USB di tombol source? Ni TV kok ga ada menu USB nya? Gimana ini?,neutral
Produk original. Bagus. Tp bingung gmn nempelin ke tembok nya. Bisa pake bracket ditempel tembok ga sih ini?,neutral
Cara nampilin menu usb dimana ya gan ?,neutral
ko ga ada panduan buat setting tv nya ya ?,neutral
"Belum d coba, mudah2 semua fitur berjalan dngn baik",neutral
belum sempat dicoba fungsi fullnya tapi overall okay banget semoga awet,neutral
Lubang bracketnya cuma 2 ya? mohon Solusinya,neutral
Kenapa ini flashdisk yg hijau cepat kirimnya cepat tapi yang lain ko lambat???,neutral
Belum dicoba... Semoga berfungsi dan tahan lama...,neutral
ko ngga bisa masuk k hp yah,neutral
kok buat ntn film lewat dvd dilayar TV tulisanya perangkat gak ndukung ya?,neutral
kok setiap download gak bisa di instal ya?,neutral
D pasang ke SS J2 nggak bisa. Apa kartuny yg rusak?,neutral
Ini new segel atau seconds ya?,neutral
Itu sama memorynya ya gan,neutral
Kok nggak dapat tas/bag ya ?,neutral
"Barang sudah di terima dan bonus controller nya, tapi ko ga ada invoice nya ya? Nanti klo ada apa2 mau garansi gmn ? Udah sya chat k official jg blm ada bls san. Oh iya ini ko Cooca g ada browser nya ya, pdhal pgn nnton film yg d browser jd g bsa deh. D tunggu update os nya.",neutral
Print out invoice tidak ada ya??,neutral
Gan mo tanya itu capacity 64 gb apa 64 mb?,neutral
"Imformasi!!! Krn maraknya Wa""spam bbs mengaku dr lazada, maka km dr lazadaco. Id. Mengeluarkan WA trbaru 0853-1524-3866.spy kmi bs merespon and dg cepat, jd yg ingin psn baran slhkn chet kmi,disini jg layani.And belnja dgn yg lain itu diluar tnggung jwb lazada.trima kasih perhatiannya Hti""penipuan.",neutral
barang SDH sampai tapi blm saya pakai,neutral
Flash dishny dbuat untuk ponsel zenfone go bisa gk?,neutral
Ini gojeknya bayar lagi gak?,neutral
Masih ada stok gak ya ??,neutral
Ini asli 32 GB gan?,neutral
Apakah real capacity 64GB? berani tes dengan h2tes untuk tes capacity?,neutral
Lokasi toko dimana ya?,neutral
apakah harga produk dan pengiriman di area jogja tetap sama seperti itu . diskon dan harganya sama atau berbeda?,neutral
baru banget aku tes barangnya,neutral
min saya udah pesen barangnyaa,neutral
Sama speaker skali kan? garansi berapa tahun ya?,neutral
kasih info donk yg udah bisa nyicil? gmn prosesnya yg gak pake kartu kredit...terima kasih,neutral
Kapasitas 14an Giga,neutral
Apa free bracket nya cuma available utk wilayah jabodetabek saja gan?,neutral
karena ini buat temen aku jadi ga punya fotonya,neutral
"maap gak sempet foto, udh dimakanin pas buka puasa",neutral
packing rapi tidak pecah...bentuk penampilan mantap..semoga rasa nya jg mantap..blm dicoba sih,neutral
blm dicoba semoga enak...nanti 1 bintang menyusul...,neutral
"sudah sampai, Blm dicoba rasanya krn msh puasa....",neutral
"pengiriman cepat karna pakai sameday gojek, kalo rasa dll blm dicobain msh di freezer.",neutral
Mohon penjelasan nya kenapa di hp lenovo a2010a gk bsa di instal ya...?,neutral
"Gimana Opsi bayar cod kadang ada, kadang tidak ada",neutral
Kenapa Kalbar GX bisa cod?? Mohon d perbaiki?? Ap alasan ny GX bisa cod?? Bagai mna penggunaan toped lw GX bisa cod,neutral
saya juga bingung. hapeku yang error apa respon kodenya lama ? ,neutral
"Saran, agar pembayaran bisa via dana juga",neutral
Kerja sama dengan kurir yang bebas ongkir apakah cuma 1 kurir saja?,neutral
Saya dpt voucher 780rb tu hoax bkn y kak? Klo bnr dpt sy insal 😁,neutral
Collab sama bts terus... Apa gak bosen?,neutral
Kalau pake android knapa di batasi?,neutral
Apakah pake BSI sudah bisa?,neutral
Ga ada niatan nambah staff yang dikorea gitu?,neutral
Beri rating 3 krn blum coba,neutral
Maaf ya karena baru nyoba,neutral
Apah kah kita bisa beli pulsa disini?,neutral
"Mau tanya ini ada dus nya gg yah?? Ada hologramnya gg di dus fd nya?? Tolong jawab yah yg tau,,,,",neutral
belum sy pake..mudh2an bagus,neutral
"kan bergaransi, kalau rusak, hubungin/cara penukarannya gimana ya?",neutral
Ini dual muka gk ?? Trus bisa buat hp smartfren andromax A gk,neutral
"Bisa konfirmasi pengiriman barang saya kok blm sampai yah? Pesan tgl 13, sampai tgl 20 blm sampai juga??",neutral
"Kira kira yg beli siapa yaaaa ?? Mulai di produksi, kemudian di release, sampe detik ini laku berapa ya ??? Apakah ada fitur anti lapar, anti haus, anti ngantuk ato yg paling penting semakin kaya raya (anti miskin), setelah beli TV ini...",neutral
Bisa barter dengan kutang tetangga ga ?,neutral
"Gua main ML disini, langsung jadi Glorious Legend!! Lu kudu coba!!",neutral
Gaada yg lebih mahal?,neutral
Kalo kirim ke kupang bisa gak?,neutral
Readi nggak sist? Warnanya apa2 saja? Ini ori atau kw yang mudah rusak gan?,neutral
belum test barangnya,neutral
"Kenapa chargernya tidak lengkap....?? G bisa langsung dipakai buat charger..., kita harus nyari dan beli lagi sambungan buat chargernya.., tolong d bantu",neutral
Mau cicilan gmn caranya6,neutral
Nyicil dengan cara mudah prosesnya susah nggak,neutral
"Hi. Sist/Gan, Stocknya.. Masih Ready.? INFORMASI PRODUK KAMI.! Silahkan chat +add: WhatsApp : 0852-5468-9727 √◎ Respon cepat, Aman & Terpercaya. √◎ Pengiriman VIA : JNE & TIKI. ,?SELLER Resmi LAZADA.! Terima Kasih.",neutral
Tidak bisa di kurangi ya biar jadi 1.000000,neutral
Ini berapa inci ya layarnya,neutral
Ini bayar di tempat apa tidak?,neutral
Saya dari Sumba Timur-Waingapu...,neutral
Cara.. Kredit nya bagaimana,neutral
"Ditulis khusus jabodetabek,tp tersedia diwilyah lampung... dibeli tp dicancel krn diluar daerah. Klo gk bisa harusnya dtulis tdk tersedia diwil.anda..",neutral
Gmana caranya klw mau ikut kredit di lazada...??,neutral
"Tunggu gua jual lepi lama gua, ama ngutang tetangga sebelah, nanti gua beli",neutral
Apa produk aslinya sesuai dgn yg di gambar ini?,neutral
Dikantong cuma ada 15rb,neutral
Cara cicilan gimna?  Pake dp gk?,neutral
Knapa pesanan saya di batalkan??,neutral
"brg sy sudah sampai, kartu garansi ada, tp ko ga ada invoice ya? apa bukti nya yg di email? trus sy print? mhon pencerahan nya ya. mksih.",neutral
Pesanan sudah sampai tapi FREE BRACKET nya kok nggak ada? Bagaimana LAZADA? Bisakah dibantu soal ini?,neutral
"Mz masih kosong dong bos, kok blum ada programnya. Btw gmna cra setting n install programnya bos? Q kira udah ada programnya. Tlong bantuannya ya bos?",neutral
"Bagi Yang Minat Order/Pesan Barang Kami, Untuk Lebih Memastikan Silahkan Add WhatsApp/WA 085200343400..Langsung Dari Reseller Toko..Terimah Kasih.",neutral
gimana caranya instal windos E202.? soalanya saya gak ngerti. apa sudah ada,neutral
Ini pake cd/dvd room apa tidak? Atau memerlukan driver tambahan?,neutral
Min ini kenapa? Kok gak ada suaranya?barang Bisa dituker gk?,neutral
Bisa di cicil selama 10bln gak,neutral
"Slmt siang, mo tanya kl mo kredit barang mesti harus pakai kartu kredit ya? Gak bisa transfer & u/ dp nya berapa. Mksh",neutral
posisi SIM dan  micro SD bagaimana kok gak connect terus?,neutral
cie cie yang TV nya baru,neutral
Masih dikerdus belom dipakai hahaha,neutral
Bonus yang dijanjikan beneran dapet ga minn?,neutral
knp baru pakai beberapa hari langsumg error begini ..cara klaim garansi gimana?tolong pihak dari pihak lazada membantu....please help,neutral
Ini knp video shopeenya BLANK HITAM ?,neutral
Kenapa ya saya gk bisa transfer melalui virtual akun bank?? Padahal no akunnya udah benar,neutral
"𝟱𝗡𝗩𝗦𝗪𝗔𝗩 ( Kode Tim 𝐌𝐈𝐋𝐋𝐈𝐎𝐍𝐀𝐈𝐑𝐄 𝐋𝐄𝐀𝐃𝐄𝐑𝐒 Shopee Affiliate saya) Makin OK nih Shopee 👍👌 bukan cuma soal kemudahan belanja + berbagai promonya, tapi juga mendukung para Konten Kreator atau Pengguna Media Sosial untuk mendapat penghasilan dari Program Shopee Affiliate.",neutral
Kenapa Shopee tidak bisa di buka ya??,neutral
Tambahin pake dana atau gopay lah🙏,neutral
"Hai min, gimana nih ko gamenya ga bisa dibuka / dimainkan? Padahal sinyal wifi penuh.. kan ga selamanya aku harus beli produk, selebihnya aku isi dengan main game..",neutral
hallo kak saya mau tanya kenpa ya setiap aku mau checkout tapi ngak bisa?🙏,neutral
kak bisa bantu ga kenapa shopee saya ga bisa dibuka,neutral
kenapa pas klik produk langsung otomatis buka video ? Padahal bukan di etalase shopee video.,neutral
Kenapa shoppe paylater saya engga bisa di gunakan lagi?,neutral
Saya tadi isi shopepay kenapa tidak masuk y ? Padahal sukses keterangan di aplikasi dana y.. mohon bantuannya kak,neutral
Tolong kenapa mode pengiriman tidak bisa diubah?,neutral
"Halo shopee, apakah sekarang sudah tidak bisa mengganti jasa kirim??",neutral
Masalah kendala tranfer ke bank gak di proses² lama sekali itu gak tau uangnya gimana dan kemana????,neutral
"Maaf belum bisa edit bintang Tapi, bisa tidak beli barang dari luar negeri lagi? Kalo udah bisa aku kasih 5 bintang😭😭🙏🙏",neutral
kenapa aplikasi nya tidak bisa di pakai utk transaksi ?,neutral
"Masa shopee affilate harus pakai npwp ,terus yang masih pelajar gmn???",neutral
Kenapa sekarang gak bisa milih ekspedisi setelah payment?,neutral
Kenapa gak bisa buka shopee nya ya? Tiap mau buka layar hp jadi macet dari kemaren smpe skrg,neutral
Tolong dong pihak shopee adain promo cicilan 0% sampai 6 atau 12 bulan gitu buat user yang tepat waktu bayar paylater. Masa disamain sama user yang galbay. Ga ada specialnya gitu?,neutral
"Ngajuin pengembalian barang, hanya bisa melalui SPX. Sementara sdh mendatangi beberapa SPX yg disarankan app, tapi gak nemu konternya satupun. Telepon dan alamat juga gak ada di Google Map. Apakah konter SPX nya rumah warga?",neutral
"Kok setiap kali buka aplikasi shopeenya, batreku cepat habis ya?",neutral
"Aplikasi tiba"" tdk bisaa dibuka, stuck di logo depan, ini gimana ya? Apakah ada solusi",neutral
sangat baik dan cepat pengirimannya. tapi saya mau beli tv dengan pembayaran di cicil ko nda bisa y Bos ?,neutral
Tolong tingkatkan kwalitas Upload video sekarang ngeblur gimana ya supaya gak ngeblur?,neutral
"Gue ngisi emoney, saldo emoney nggk bertambah tapi transaksi berhasil gimana tu ?, minta pembelian dana nggk di acc""",neutral
"Sekarang klo isi pulsa di shopee 3 itu ga dapat bonus kuota kenapa ya, padahal promonya ada dan pake apl lain masih bisa dapet bonus kuota?",neutral
"terus pengembalian dana saya gimana? udah 1 minggu belum di balikin, udah pengiriman lama banget sampai 2 minggu mau pakek pengiriman apa pun gak se lama itu, emang jkt luar negeri apa ya?",neutral
Sangat Membantu Sekali Tapi Untuk PayLetter Saya Kenapa Tidak Bisa Di Gunakan ???,neutral
cara ambil uangnya?,neutral
SHOPE. kenapa pake voucher gratis ongkir. Tapi masih ada biaya jasa pengiriman. Itu mksutnya gmna ya.?,neutral
Apk shopee blank tidak bisa masuk apa ada cara untuk mengatasinya?,neutral
kenapa toko Shopee di kota sendiri tidak ada yang masuk ya?? padahal cukup banyak toko toko di kota sendiri yang ikut di shopee. tapi tidak pernah tercantum di pencarian,neutral
Kenapa saya pesan Shopie food ga ada maps nya .?,neutral
"Kenapa gak bisa buka shopee live kata2 gini ""sedang downloading kami sedang memuat fitur silahkan tuggu sebentar. Di tungguin lama gak bisa2 di ulang2 tetap gak bisa2. Kenapa ini...???",neutral
"Min...kenapa kalau mau upload SV di shopee teksnya selalu gak muncul?berulang kali kya gtu...diketik habis itu done, tapi gak keluar tulisannya...kenapaaa inii??ada apa???",neutral
Kok gk bisa di buka beranda nya,neutral
"Inii kenapa yaa Sudah 2 hari ini shopee saya tidak bisa melihat profil shopee saya sendiri?? Setiap mau ke profil shopee saya, mau cari barang, atau mau kunjungi toko malah halaman tidak tersedia terus?? Tapi anehnya kalo gamenya bisa dipakai, tolong perbaikan nya yaa..",neutral
"Ini kenapa kok ga bisa co ya? Padahal udah bulak balik ganti voucher, logout trus login lagi tetep ga bisa padahal akun baru 🥲 ",neutral
J&T expres kok ngak ada ya ?,neutral
"sudah 1 th spaylater saya di bekukan, bagaimana cara mengaktifkan nya kembali?",neutral
Cara ampuh belanja online,neutral
Shopee Aku 9.9 Super Shopping Day,neutral
Kenapa ya padahal gak pernah cancel barang tiba2 shopi aku gak bisa kebuka lagi gak bisa cek out lagi keterangan ya ada yang mencurigakan akan di blokir aneh emng perasaan saya tidak pernah cancel atau apa,neutral
trimakasih lazada barangnya sudah trima....,neutral
Sesuai dngn deskripsi.pngiriman cpt.thnx lazada,neutral
"Diketerangan dpt free pouch+pen,tapi mana?",neutral
"Gan pengen yang 13.3"" kalau ga salah itu ada?",neutral
Produk sesuai gambar dan deskripsi,neutral
"barang dtng dengan paking yg baik..blm digunakan karna salah order l..saya cari yg sata, bisa ditukar gk ya?",neutral
Ok barang udah kami terima tapi Lom di caba,neutral
Barangnya sesuai deskripsi,neutral
barang bagus sesuai deskripsi. semoga awet,neutral
"Duh ini shopee nya udah di update trs, tp kenapa sering verifikasi puzzle itu ya?",neutral
"Belanja di shopi sangat menyenangkan ngk ribet ngk lama,TPI kenapa di akun shopy Saya tidak bisa mengaktifkan shopaylater?",neutral
"Saran semoga pihak shopee baca ini,tolong permudah game mesin Capit jangan di persulit please Buat game se menyenangkan mungkin no bikin rugi",neutral
"Aplikasi sangat berguna, sayang sekali shopee paylater saya kok tiba tiba tidak bisa dipakai",neutral
aku kasih bintang 5 kalo Shopee luar negeri dibalikin,neutral
"Dear pihak shoppe, saya ingin bertanya, hp saya hilang lalu masih tertaut akun email dan shoppe dan belanja lainnya, lalu ada yg menghack akun shoope saya dan lain"" hari ini datang paket secara banyak saya tidak tau bagaimana caranya menangani ini, saya tidak bisa masuk dan menghapus akun shoope saya lalu lokasi saya sudah di temukan oleh penghack apakah bisa dibantu?🙏",neutral
Tolong dibuatkn menu chat antara kurir dengan penerima barang. Agar kurir g report hrus save no ke wa lagi. Jdi kerja kurir g sibuk cari2 alamat lg.,neutral
Bagus sih tapi kenapa tiap buka app shopee langsung ke menu video,neutral
"Untuk yg suka belanja online shopee ini yg paling bagus,tapi sayang untuk spayleternya kurang bagus masa jatuh temponya harus tanggal 1 sih,trus gimna dengan orang yg gajinya di atas tgl 1 trus tidak bisa minta waktu lagi.",neutral
Kok aplikasi shopee gak bisa dibuka kenapa ya?,neutral
"Saya gk bisa belanja, kenapa ya? Mohon infonya 🙏",neutral
"Baik banyak promo2 menarik ,tapi saya bingung harus menulis ulasan seperti apa?",neutral
"ka setiap buka dari link yang dibagikan produknya tida muncul,bahkan juga tida bisa di sentuh,solusinya kenapa ka,terimakasih",neutral
Kenapa ya kok saya mau aktifin spaylater sama pinjaman kok tidak bisa ya saya udah daftar di tahun lalu sampe sekarang belum bisa mengajuan pinjaman ataupun spaylater,neutral
"Sejauh ini Shopee sudah sangat bagus, tp masih ada hal yg harus di benahi, mulai dari peta pelacakan yg kurang akurat atau telat masukin data jadi seakan akan barang stuck yg membuat pembeli was was, sering banget nge lag, dan fitur-fitur nya seperti pop up bisa di perbaiki agar menghindari lag",neutral
"saya coba dulu ya kak,, Terimakasih semoga lancar selalu untuk aplikasi Shopee ini",neutral
"Shopee sudah baik namun fitur penarikan koin semoga ada pilihan mengambil 500 karena itu paling ideal, dan semoga pengambilan koin live Shopee bisa lebih dibanyakin limitnya seperti 1000",neutral
Em untuk apk nya sangat bagus aku suka tp... Ketika buat akun baru lagi gak bisa memakai promo pengguna baru nah ini mohon di perbaiki lagi,neutral
Sementra 4 dulu karna baru coba,neutral
"Tolong buat speyleter ,tenornya di up 12 bln",neutral
Tanggal jatuh temponya untuk s pinjam sekarang beda2...kadang kelupaan 😪,neutral
Deskripsi kan ulasan anda,neutral
"Applikasi belanja nya sih mantap... notifikasi nya bikin terkejut kita disaat lagi tidur, ganti saja yang lebih nyaman notifikasi nya.",neutral
Tolong tambah gratis ongkir dan vocher grtis pulsa dan paket data....hehehe,neutral
"Mau ngasih masukan untuk update Shopee food kalau pesan makanan maps nya jangan di ilangin dong, soalnya maps itu ngebantu kita banget buat cek driver udah dekat dilokasi, thankyou",neutral
"Ganti No Telpon di Katalog saya gagal terus, mohon bantuannya 😌",neutral
Saya ini baru mau mencoba aplikasi shopee jadi saat ini saya kasih bintang 3 dulu🤗,neutral
tuku sutil nang pontianak ... shopee centil kadang larang kadang penak... wes ngunu nyatane,neutral
Mengapa beranda di Shopee sy berbeda letak menunya dgn org lain ?,neutral
Tolong fitur aplikasi shopee nya dibenerin lagi,neutral
"Kak koin live nya, kembalikan fitur klaim 500 ripiah perharinya dong seperti kemaren, terimakasih",neutral
banyakan lagi diskon dan free ongkirnya...,neutral
Tingkatkan jasa pengiriman lbih cepat,neutral
Shopee food saya kok gag muncul ya,neutral
"Shopee itu sebenarnya bagus, banyak voucher, barang"" nya lengkap, harga nya juga bagus Tapi sekarang Shopee terlalu berat buat hp, dipakai bentar aja hp ku langsung panas, lalu sering loading waktu buka keranjang Saranku 1 sih, buat yg di keranjang kan ada banyak toko yg tersimpan, setiap produk yg ada di keranjang di bikin jadi satu di toko nya (jadi di keranjang cuma di cantumkan toko nya, trs kalau di tekan langsung masuk ke barang"" dari toko tersebut yg disimpan di keranjang)",neutral
Ada yg sesuai harapan ada yg tdk,neutral
Untuk Penjual agar ditingkatkan pelayananya dan kontrol barang yg akan di kirim agar tdk mengecewakan pembeli. Sy perhatikan banyak juga komsumen yg mengeluh dg barang yg diterima tdk sesuai.,neutral
"Barang sesuai gambar yg ada meskipun terkadang kurang pas,,, Shopee semoga selalu amanah dan sukses",neutral
"Akun saya sudah saya perbaharui via play store, tapi kenapa setiap buka aplikasi shopee selalu muncul notifikasi untuk pebaharui akun lagi, apakah itu aman kalau diklik ?",neutral
"Selama aku gunain Shopee oke² aj sih, bagus, pengiriman nya cepat, banyak diskon,tpi entah knp baru""ini pengiriman barangnya selalu lambat.katanya pesanan diantar ke alamat tujuan tpi knp udh lewat 3 hari blm sampai² jg ya",neutral
"kalau buka aplikasi shopee lama lama ngga bisa ya? kita harus keluar dulu buat mulai awal biar ga nge bug karena gabisa di pencet, sekali lagi ini bukan karena penyimpanan/jaringan, saya harap kedepannya shopee bisa perbaiki hal yang satu ini, terimakasih",neutral
Di tingkat kan lagi layanan pembayaran via quris agar bisa di gunakan dan mempermudah pembayaran,neutral
"Makasih shoope, splayter udah bisa dipake lagi,nanti aku tmbahin lagi 🌟 kalo spinjam Udah bisa juga.",neutral
Mohon bantuan nya bos.supaya saya bisa pakai spijam saya yg di bekukan,neutral
tentu aplikasi ini sudah sangat bagus hanya saja saya merasa kesal dengan aplikasi nya yang selalu bug padahal jaringan aman ajaa,neutral
"Halo kak, aplikasi shopee saya gak bisa dibuka kak, ketika dibuka membuat layar hp menyala dan mati sendiri. Mohon solusinya kak. Terima kasih...",neutral
Mudah bertransaksi meskipun waktu pengemasan lebih lama dari pengiriman...,neutral
"Kak knapa saya gak bisa minjem uang di shope lagi kak ya? Selalu pembayaran kurang baik, perasan saya bayar kok gak telat kak.",neutral
Untuk pihak shopee tolong dong perbaiki menu penarikan koinnya di shopee live dan shopee video minimal 1000 koin jangan 200 koin🙏🏻,neutral
Sudah cukup baik tolong ditambah tema gelap dong terlalu cerah ni tema shopee nya,neutral
Sering2 beri kejutan...tambah kuota diskon kilat,neutral
Langganan belanja online. Udah ribuan kali beli disini,neutral
"knp shopee saya gabisa pakai voucer gratis ongkir atau gratis ongkir Rp,- ?",neutral
Kenapa saya gabisa komen angka di shopee live,neutral
sudah berlangganan shopee dari tahun 2019,neutral
"harga sering lebih murah dan promo memang lebih banyak dari market place lain. cuma pilihan pembayarannya saja kurang fleksibel, kalau mau harga lebih murah dan bisa pakai promo bayarnya harus pakai shopee pay, kalau mau transfer bank pun harus seabank.",neutral
"Murah,tpi kenapa ya sekarang jarang ada gratis ongkir nya",neutral
"kenapa untuk checkout paket data, pulsa, dan lainnya gabisa dipakai spaylater ya? padahal bulan kemarin saya masih bisa. tapi bulan ini saya mah checkout gabisa pakai spaylater. kenapa begitu?",neutral
"min tolong perbaiki bug dipembayaran, misal saya beli lewat shopepay harga 100ribu, saya tf dulu dr bank ke shopepay, harganya malah naik jdi 102ribu, jdi harus tf lagi ke shopepay 10k, karna gabisa tf 2k,....saya kasih bintang 5 kalo masalah sudah selesai",neutral
Ada apa denganmu shopee.padahal saya member platinum tapi COD saya di non aktifkan...,neutral
Semoga di akun saya limit spaylater nya bertambah,neutral
mau nnya paylater min umut brp yh Bru bisa kalo di hawab baru kasih 5bintang,neutral
Shopee saya kenapa gak bisa di buka min mohon bantuannya @admin Shopee,neutral
"Adain lagi dong fitur transfer koin nya. Shopee,koin nya ngecek dimana, fitur buat ngecek koin nya gk ada haduh. Njir, penarikan koin nya udah dibatesi, kemarin bisa narik 5k sekarang paling besar 500k, tengah2 nya 50k, dikira koin nya langsung kekumpul sebanyak itu apa, mau narik koin dg nominal 5k udh gk bisa lagi",neutral
Maaf sebelumnya kenapa ya cuma beda pulau ongkir mahal kaya harga barang murah tapi ongkir 3 kali lipat dari harga barangnya saya dari lampung pringsewu bisa gk buat seluruh indonesia ongkir di sama saja kan kaya di jakarta dan tangerang,neutral
Shope udh bagus semua tapi pas saya pengen mendaftar shopipey gabisa 😐,neutral
"Sangat cocok untuk kalian yang suka belanja online di apk ini banyak barang dengan harga terjangkau, tolonglah SP Pinjaman saya bisain donk kan saya langganan pinjaman masa tiba-tiba ga bisa sih bikin sedih🙁",neutral
Pihak marketplace (Shopee) harus lebih serius lagi memeriksa penjual-penjual dagangannya original atau palsu,neutral
"Untuk transaksi bagus, cuma suka lemod bukan karna sinyal, tapi emang berat buka nya",neutral
"Bisa tidak min untuk tukar barang/pengembalian dana tetap bisa dilakukan walaupun sudah mencet pemesanan selesai, soalnya lupa menu tukar/pengembalian adanya diawal",neutral
"kenapa kalo buka shopee di laptop selalu muncul login di aplikasi shopee??, padahal sudah login. tolong diperbaiki.",neutral
Appk shopee sangat bagus buat belanja dan menjual semua barang dan produk berkualitas Cuma terkadang harga nya aja agak kurang cocok kitika kita pesan nya Tolong perbaiki lagi mind,neutral
Apk yang sangat bagus. Sebagai kreator shopee afiliet kita di kendalikan sepenuhnya oleh operator. Seperti halnya para penjudol. Shopee berani memberi gaji kepada shopee afiliet meskipun hanya 45 perak 50 perak wauw keren 4 bulan jadi kreator gajian 100 ribu. Apa teman teman tertarik. ? 😭,neutral
"ada masalah di spaylater saya mengajukan data sudah benar tapi bermasalah Mulu,mohon diperbaiki baru saya bintang 5",neutral
Saya mohon untuk fitur pengirimannya di perbaiki... Saya sangat tidak suka karena bnyak keterlambatan.. Apalagi kalo pakai spx. Saya sdh coba untuk memindahkan ke jnt malah keterangan nya tidak bisa. Mohon di perbaiki,neutral
Banyakin diskon! Biar emak emak cek out terus,neutral
Assalamualaikum sy menyukai sophee krna barang2 yg di jual di toko ini kebanyakan sesuai yg di pesan meskipun kadang adatoko yg kurang amanah.,neutral
Cuma mau bilang. Saat ini sy tdk bs layanan COD dikarenakan gagal pengiriman. Itu dikarenakan pesanan tdk sesuai. Pesan Speaker yg datang Casing HP. Mhn jd periksa buat shopee. Tks,neutral
"Untuk koin saat nonton live,saya lebih senang seperti dulu.langsung digabung bukan disimpan.",neutral
Tolong dong tambahin pembayaran metode dana agar lbh banyak metode pembayaran nya,neutral
"Barang banyak yg asli, yg tdk asli jg tdk sedikit.",neutral
Saya pernah log out karena kecewa tertipu dua kali dg penawaran barangnya,neutral
"Kalau bsa ekspedisinya diperbaiki,jgn asal returt barang",neutral
ongkir nya di murahin uk luar daerah,neutral
"Masukan buat shopee. Kenapa seperti speargun dan senapan angin malah tidak bisa dicari. Tolonglah jangan dikit dikit jadi bahasa di spam dan bahaya, karna itu keperluan sehari²",neutral
"Akun saya yang dulu tidak bisa dikembalikan mau buat yang baru terkendala no.hp karena sama.Saya minta solusinya untuk mengembalikan akun saya, saya sudah ikuti semua cara yang ada.",neutral
"kak Adain hadiah buat yang level tertinggi juga dong jgn cuman lomba paling menang banyak baru dapet hadiah,aku pengguna shopee udah lama level game ku juga udh jauh semua",neutral
Min kenapa Shopee Paypinjam gak bisa di buka y,neutral
"Ok, cuma jasa kirim nya diperbaiki lagi",neutral
Klw belanja di shopi ataw dimanapun mesti teliti agar kita mendapatkan barang sesuai keinginana kita.dan jangan mudah tertipu dengan produk di toko.intinya harus pinter pinter dan teliti.karna sekarang banyak oknum oknum yang berbuat keuntungan untuk dirinya sendiri.dan tidak mengingat orang lain.,neutral
Daftar sp pinjam GK pernah lolo kk,neutral
"Dulu Biasa order makan di GoFood, Pindah ke GrabFood, Trus Pindah Ke ShopeeFood, Stelah sekian lama menikmati Discon 60%.. Sekarang udah hilang, udh gak ada lagi discon 60%. masih di Pantau setiap hari.. Kalau sampe sebulan bener"" ilang discon 60% nya. Auto Uninstall... Thanks shopee Udah membantu Kaum Rebahan, mageran🙏🏻",neutral
Buat para Reseller tolong dicantumin pilihan ukuran bajunya yaa itu aja sih,neutral
"kenapa saat mau buka aplikasi shopee,, tidak bisa di buka padahal kuotanya baru di isi tapi waktu buka halaman utama tidak ada internet padahal udah di update masih aja kaya gini tolong minta sarannya untuk bisa buka lagi shopee nya",neutral
"Saran saya perbarui sistem pelayanan dan ongkir nya, supaya di sukai banyak pengguna shopee, Terima Kasih",neutral
"Kok Sekarang nofikasi shopee gak menyala yaah padahal udah disetting jadi nyala,tolong diperbaiki sering GK kedengaran nofikasi pemberitahuan nya",neutral
Klo bisa kurirnya di apl ada foto dan no wa nya jd tau yg menerimanya,neutral
shopee sekarang ga bisa langsung batalin pesanan ya? harus tunggu konfirmasi dari admin nya dulu? malahan respon nya lama banget.,neutral
Aplikasi nya kenapa tidak bisa buat bayar pesanan ya?,neutral
"klo boleh tau knpa y, Shopee punya saya, semenjk diperbarui tgl 4 kmrenn kok klo nnton live gx bisa y, transaksi jga gx bisaa. tolong dong bntu jwb.",neutral
Tolong tambahkan fitur foto pada bagian alamat. Untuk memudahkan kurir.,neutral
"Saran,sebaiknya tombol "" pesanan selesai "" di jauhkan dari tombol kembali hp..",neutral
Memang mempermudah kita utk belanja tanpa hrs keluar rumah. Semuanya sudah bagus tp pilihan nominal tarik koin dr shopee livenya terlalu besar.. tolong kembalikan seperti dulu yg ada 2rb dan 5rb... 50rb terlalu lama mengumpulkannya.... Tolong perkecil nominalnya,neutral
"mohon diingatkan ke pra penjual untuk lebih amanah, terima kasih",neutral
"Tolong dong, untuk paylater nya bisa di bayar terpisah gtu (perbulannya) jadi di satu bulan ga langsung gede gtu",neutral
Untuk voucher gratis ongkir sih yes.. Hanya untuk ongkir jenis obat obatan saya masih bingung kenapa bisa lebih mahal,neutral
Shope mhon ada kebikakn . Terkait pelepasan dana atau penghasilan yg sangt lama karna pejual kecil dengan minimum modal butuh pemutaran uang kalu lama masa garansi .bagai mana penjual kecil yg minim modalnya mau berkebang .. potong aja dari tiap produk makin besar . Tapi pelayanan tidk di sesuaikn .,neutral
"Sebenarnya apknya sudah bagus, tapi ada 1 fitur yg ngebug, yaitu fitur filter, sudah diatur filter jenis dan lokasi produk, tapi gk ada perubahan, tolong diperbaiki lagi",neutral
Tolong y usahakan barang cepat sampai itu aj,neutral
Promone ojo ngasi kendor yo lek,neutral
"Tolong shopee di update berikutnya bikin supaya kami sebagai pembeli bisa menghubungi kurir yang mengantar paket kami, kadang menunggu sang kurir menelepon duluan baru bisa konfirmasi tentang pengiriman paket itu melelahkan loh, kami ga 24 jam megang hp buat mantau telepon dari kurir aja, kami juga punya kerjaan lain. Bahkan paket kami bisa saja dibatalkan secara sepihak hanya karna tidak mengangkat telepon kurir. Udah gitu ga dicoba untuk mengirim ulang lagi.",neutral
"Untuk penguna shopee,harap hati2 ya.. tagihan Spaylater orang lain.. bisa di wa atau tlp ke penguna shopee yang lain.. dan alamat kantor shopee banyak yg fiktif.. hari ini saya sudah ke 3 alamat yang di infokan oleh CS shopee.. semua alamat fiktif.. ada yg sudah tutup,ada juga alamatnya rumah orang lain",neutral
"Seharusnya di penilaian produk itu yg ditampilkan itu terbaru dulu, bukan yg rating terbesar dimunculkan pertama. Jadinya gampang di jadikan tempat penipuan sekarang Shopee",neutral
"Apa kah Anda merasakan lama Saat update Video setiap kali membagikan kepada teman teman Anda? Jika sama sungguh lama loading nya, terima kasih atas solusi baik nya , dan saya rasa , saya telah mencoba nya sebelum Informasi Anda , tapi tetap saja masih lama loading nya terima kasih",neutral
Aplikasi ini cocok untuk pesan sesuatu dan barang yang datang seperti digambar,neutral
"Koin nonton Live tdk masuk ke tabungan koin ,mohon di perbaiki bug nya 🙏",neutral
"Aplikasinya bagus tpi resselernya dan tokonya nakal "" difoto bagus klol udah dateng kualitasnya gak layak masa beli sepatu baru dipake 1 hri udah rusak tolong pihak atau admin shopee diatasin biar banyak yang ga ketipu lgi",neutral
"Tolong diperbaiki status pengiriman barangnya,barang sudah sampai tapi distatus pengiriman masih dipacking",neutral
"Luar biasa membantu, cuman sya shoppy paylater sya ga bisa di gunakan, sayang sekali saldo nya,.",neutral
"aplikasi na bagus sih,cuma kenapa pedahal saya sering banget belanja tapi tiap ajukan paylater/spinjam selalu di tolak ya ??",neutral
Tambah kan metode pembayaran DANA min,neutral
pembelian game terlalu mudah dilakukan oleh anak2,neutral
Perbanyak Lagi Item/ Barang di shopeemall dan atur estimasi biaya dan ongkir min,neutral
Kenapa aq shope aq gak bisa COD lgi Yach?,neutral
"Untuk pihak Shopee, tolong untuk koin live nya gak usah dimasukin ke tabungan dulu langsung masuk ke saldo aja, soalnya ribet kalau harus masuk tabungan dulu sehari dapet koin 500 perak tapi klaimnya harus 200 perak. TOLONG PERBAIKI LAGI!",neutral
"Minta tolong donk untuk pihak shopee ,jasa kirim lebih di perhatikan yah kurirnya masak barang tidak sampai ke konsumen di telen sendiri sama kurirnya gak amanah banget untuk wilayah bangil,pasuruan",neutral
"ada kendala sedikit di keuangan dari topup Shopie pay,tp sebelumnya belum pernah terjadi,pas ke sini setiap kali saya topup atau isi saldo,20rb kenapa jadi 19rb yg 1rb nya kemanain yaaaa??",neutral
Tolong untuk loading pencarian lebih akurat,neutral
Berbaiki agar tidak berat saat di buka,neutral
"Mau nanya kak. Kalo semua barang Shopee mall. Memang ngirimnya 3 hari setelah hari pesanan? Sudah 6x begini terus, memang sih harga barangnya kurang dari 100rb. Tapi itu uang kak, bukan daun. Beda sakali sama penjual biasa yang langsung dikirim di hari itu juga. Tambahin keterangan lah kak. Contohnya begini. : ( ini produk istimewa, dari shopee mall, jadi mohon bersabar, tunggu 3-4 hari ya, akan kami kirim ) walaupun isi barangnya sama saja. 😅😅",neutral
"Kalau bisa dlam pengiriman d selipkan nmer kurir nya , mungkin bisa membantu para konsumen yang berbelanja Agar bisa tahu posisi kang kurir ada d mana Terima kasih 🙏🙏🙏🙏🙏",neutral
Agak kurang paham cara tukar koin jadi saldo shope,neutral
Sekarang shoppefood emang gak ada voucher pembelian nya ya?,neutral
BUAT SHOPEE PLSSSS ADAIN FITUR NO TELPON KURIRNYA PAS PAKETNYA LAGI DI JALAN/MAU DI ANTER BIAR KITA KALO LAGI DI LUAR BISA NGABARIN LEBIH AWALL,neutral
"Mantep. Tpi ada yg kurang, yaitu iklanya tolong di kurangin, biar gak terlalu ribet!!!!",neutral
"Kenapa ya setiap mau chek out shopee, skrg harus verifikasi dulu, tp gagal terus, padahal kemarin2 enggak, padahal aku pakek 2 hp dan 2 akun, tapi nggak bisa ke halaman chek out? Tolong dibantu ya pihak shopee",neutral
knpa ya aplikasi shopee stelah di perbarui malah ngk bisa pas mau cekout.. memuat terus padalah sinyal nya bagus.. tolong kak ini kenapa kira2,neutral
"Shopee memang ok...saran dr kami sebagai member shopee goold, tolong hapus akun para oknum penipuan, penjual yg tidak amanah alias menipu konsumen, yg menjual barang tdk sesuai barang yg di kirim, sblmnya tanya kpd penjual tdk di respon, sehingga kami gagal tdk menerima barang tsb krn tdk sesuai deskripsi, sekian saran dari kami sbg member shopee...akhirnya kami skrng tdk bisa COD lgi, alias di bened codan nya...",neutral
Tolong untuk biaya penanganan di hilangkan,neutral
Sering2 yaa kasih voucher gratis ongkir nyaaaa,neutral
Kenapa pas saya masuk harus ngelewatin puzzle? pas scroll contohnya,neutral
Kenapa akhir - akhir ini sering mnta di Update??? Blom ada 1 bulan udh mnta di Update lgi,neutral
"Min maaf ko sekarang Spaylatter ga bisa rubah cicilan ya ,, fitur nya sudah tidak ada untuk merubah pilih cicilan mana yang akan dirubah",neutral
"Sebaiknya lebih ditingkatkan lagi standarisasi seller, krn masih ada seller yg niatnya mau nipu konsumen..",neutral
Bagus sih buat yang jual hampir semua nya ORI tapi pengiriman nya aja yang aneh masa Banjar baru ke Banjarmasin perlu waktu 4 hari dan juga ko bisa dari hub Banjarmasin ke martapura perlu 10 lebih biasa nya juga 30 menit dah nyampe sekarang aneh 10 waktu dari hub Banjarmasin ke hub Martapura perlu 10 jam,neutral
"Mohon maaf pihak shoppe izin bertanya kenapa Limit spaylater saya berubah jadi 0 rupiah, padahal saya tidak pernah telat bayar. Dan waktu pembayaran limit nya tidak dikembalikan seperti sebelumnya?",neutral
Minta tolong untuk shope untuk kurir dipasang akan nomor telpoannya biar enak telpoan kurir nya masa saya mau chat kurir gk asa nomor telpoannya,neutral
"Akun shopee saya tiba-tiba logout, pas saya coba login kembali semua barang yang saya masukan ke dalam keranjang hilang & History pembelian jugaa hilang. Kira-kira kenapa ya min? Mohon penjelasannya.",neutral
Setelah update kenapa sekarang aplikasi lewat google play dulu untuk masuk ke shoope ..????,neutral
"Kenapa kok sekarang jarangan ada metode pembayaran cod malah disuruh bikin bank bank itu,tolong perbaiki lagi biar bisa menggunakannya metode pembayaran cod",neutral
Baik baik saja masih normal dalam pesanan dan pengiriman meski kadang suka eror,neutral
diskon untuk saya diperbesar y biar terus blanja dishopee,neutral
Tolong tambahkan tema gelapp untuk aplikasi ini..,neutral
"Blm di coba tapi kasih bintang aj,,",neutral
Ini new segel atau seconds ya?,neutral
"brg dterima dengn baik...tp blm tau isinya,alnya mo djual lg, smoga bagus",neutral
makasi sudah sampai tapi belum d coba,neutral
Untuk harga laptop yg ini bener harga nya segini gak?,neutral
Hati2 jg sampai ke tipu Ama harga murah,neutral
laptopnya bisa di instal windows 8.1 gak,neutral
Kirim ke surabaya knp gak bisa ya ..?,neutral
KL seandainya mau keredit ada uang muka nya gk? Terus yg 12 bulan ada gk?,neutral
"Gan, bisa install win 7 ngak ya?",neutral
Di pesan VITRON LTV1710 tapi yang dateng VITRON LTV1715. Terima kasih,neutral
Garansi resmi acer bukan garansi distributor,neutral
Apakah bisa tolong diinstalkan Windows nya ka?,neutral
Kalau bisa saya mau pesen,neutral
"Sebaiknya penjualan sekaligus dengan windows nya atau lebih diperjelas lagi kalau tidak ada windows nya, sebab belum tentu semua orang mengerti hal ini dan tidak di semua tempat mudah untuk menginslal windows",neutral
barang udah sampe tapi bagian ujungnya pecah gimana cara returnya,neutral
hhe kuatir kurir ny nysar krna no hp yg udh ga aktif ahir ny ambil pket sndri ke gudang ny😁,neutral
"Saya mau mengajukan kredit,caranya seperti apa,085692294155,terima kasih",neutral
"Delivery cepat sampai. Hanya 1 hari lokasi DKI Jakarta. Sudah terinstall OS endless OS dari sananya. Hanya support OS WIndows 10 64bit saja. Di deskripsi hanya ditulis OS DOS dan non OS, namun nyatanya sudah ada OS endless, OS yg jarang banget orang indonesia pake. Include driver yang hanya untuk Windows 10 64bit saja. Mohon cantumkan hanya support Windows 10 64bit saja di deskripsi agar customer paham dari awal.",neutral
Barang sudah saya terima tetapi sayang waktu mau dihidupkan tidak bisa hidup. dan laptop saya kembalikan...sayang juga prosesnya pengembalian sampai sekarang belum  selesai...padahal barang akan segera digunakan. tolong pihak Lazada bisa dibantu supaya dana bisa kembali.,neutral
Barangnya cepat sampai dan dalam keadaan baik. Tapi microsoft officenya belum terinstall ya? Atau harusnya ada serial numbernya? Please reply Thanks,neutral
laptop nya sdh diterima maaf baru komentar setelah sekian lama,neutral
barang lama dikirim tapi akhirnya sampai juga terima kasih lazada  saran saya mohon untuk dipercepat lagi pengiriman barangnya,neutral
layar nya ada goresan...ngak tau dari mana terus harus tukar k mana..,neutral
"barang mendarat dengan selamat , tpi pengiriman cukup lama kedaerah saya yg pelosok",neutral
"pengiriman cepat, cuma windows 10 nya trial 1 bulan ya ?",neutral
"barang sudah sampai dan sudah di tes,, semua berfungsi dgn baik.. dapat harga lumayan murah,, 2,1 juta setelqh potong diskon dan voucher dr lazada.. pengiriman agak lambat, alasan dr JNE nya katanya paket overload di bandara.. ohh ya,, kartu garansi nya kok ga ada di kotak yaa??",neutral
Terimakasij Kepada Lazada Barang Sudah Sampai Semoga Awet Dan Semoga Bermanfaat,neutral
"tv nya sudah sampai barangnya bagus sesuai tapi,pas dinyalakan tv nya kok ada tulisan gak mau hilang itu gimana ya?tulisannya kayak yg saya foto",neutral
barang sudah sampai hanya braket nya ga ada kenapa yah katanya free braket,neutral
"Alhamdulillah, Terimakasih barang sudah sampai👍👍👍",neutral
"barang sudah sampai dengan selamat, tapi tidak ada kartu garansi",neutral
"alhamdulillah barang sudah sampai ke purwokerto, semoga awet",neutral
"Barang sudah sampai dengan selamat,, oh saran donk harus pakek antena apa y biar kwalitas gambarnya bnyak yg g semut"",, jg biar bisa menangkap channel lebih bnyak,, soalnya relatif sedikit chanel yg ditangkap dri pda tv q yg lama",neutral
produknya sudah sampai...lumayan cepet...tapi sayang windows yang diinstal belum di aktivasi...entah palsu atau asli...tapi mudah2an bukan krn motherboardnya yg diganti ya..😔 dipake so far so good cuma ya itu musti aktivasi windows kalo ga ga bisa personalize PC nya...😔,neutral
orderan sudah sampai dan di Terima oleh teman saya krna sya lagi di luar kota.  nanti saya update lagi setelah membuka kemasan nya.  terimakasih.,neutral
barang sudah sampai tp blm sy nyalain semoga mantil eh mantul msdy,neutral
pesanan sudah sampai alamat,neutral
Trimakasih tv nya sudah sampai,neutral
Alhamdulilah barang nya sudah sampai lagi test gambar masih burem belum beli antena terima kasih lazada,neutral
"barang nya bagus, tp resolusi layarnya ga yakin sesuai deskripsi",neutral
"Makasih barangx sudah sampai luman bagus, sayang cuman remotx rusak gk bs di pake.",neutral
Mantapp gan paket sudah sampai tujuan.. Terima kasih lazada top markotop,neutral
"Barang sudah sampai,rapi dan baru...sayangnya ga bisa pasang sim card...klo di return gimana?",neutral
pesen sabtu. minggu sore sudah sampai. packing aman sengingga barang di terima mulus..  dan smua masih tersegel. mf baru kasih ulasan karna saya mndapt sdikit mslah pada produk. yaitu kabel power ga bisa masuk dngan sempurna. tpi sekrng sudah bisa trpasang dngan baik. krna sudah di bnerin kabel powernya. terima kasih lazada.,neutral
barang yg datang sesuai pesanan,neutral
Product telah diterima tapi kok manual booknya tidak ada?,neutral
kenpa kalo di coba buat ngetik eror misalnya kalo tekan L langsung keluar,neutral
berapa lama kalau ke bone sulawesi  selatan.,neutral
Apakah memakai SIM CARD dan sudah 4g LTE,neutral
"Pesanan saya kira2 smpe kapan ya?  Karna harus titip sm yg ada d kntor,   No pemesanan #3434195772",neutral
Barang sesuai pesanan.cepet juga ngirimnya.apa remote emang gk ada ya.,neutral
minta petunjuk tempat perbaikan geransi resmi gmn,neutral
"hai sis,,,sya mau nyicil dan sya udh cek/lihat byran cclan prbulan nya. sya nanya sis,uang muka nya brapa ya sis,brant yg ini,,,",neutral
apakah harga produk dan pengiriman di area jogja tetap sama seperti itu . diskon dan harganya sama atau berbeda?,neutral
Min.. Maaf mau tanya klo untuk proses credite gimana yaa. Mohon info. Makasih,neutral
kalau di kirim ke bandung kira kira berapa hari ya gan ?,neutral
apakah ini bisa pakai antena dalam? mohon jawabannya saya ingin beli,neutral
Tv samsung ini bisa untuk monitor komputer juga ga ya?,neutral
Cara cicilan gimana?  Klo belum punya kartu kredit bisa cicil gx?,neutral
"di gambar ada 2 model tu les tebal dan tipis, yg mana satu yg benarnya?",neutral
Ini barangnya sesuai gambar persis gak? Lonjong wide screenya,neutral
cara mesan.nya gmna ya trus prsyaratan.nya apa aja,neutral
"tapi saya di luar jabotabek ,apa bisa di kirim kan.",neutral
"Aku mau tanya, TVnya bisa dicicil gak??",neutral
"ada LED TV SAMSUNG 40""/43"" ya.....  Saya mau beli",neutral
bisakah format movie mkv dan 3gp..??,neutral
Bisa di cicil kan ni produk nya,neutral
Ini sudah bisa USB movei blm ya?,neutral
itu harganya sudah termasuk ongkir belum,neutral
Ini size nya berapa yaw...?,neutral
kalau cara pemesanannya gimana ya,neutral
ada HDMI nya gak ya/?????,neutral
Masih disegel atau udh second,neutral
belum di buka semoga barangnya bagus Dan Berpungsi dengan normal aminn.,neutral
Itu port USB nya ga bisa di pake yah? Kalaw bisa gimana caranya?,neutral
trmksh paket sdh saya terima mudah mudahan awet,neutral
"pesanan sudah mendarat dengan aman. belum dicoba mudah""han awet",neutral
pesen kemaren sore pagi2 udh dtg belum dicoba semoga lancar jaya,neutral
"pengiriman sesuai estimasi, kualitas produk baik, speaker mantap, colour ok,kurir ramah  kalo mau kirim balik surat garansi gmn ya?",neutral
Udah dtg tv ny.seminggu lah bru dtg.belum dibuka dan blm dicoba.semoga aja memuaskan,neutral
"No Pesanan #33936291 TV Sharp LED 24 inchi belum datang jg. Mohon informasinya kapan sampai nya? Saya cek resinya di pos indonesia, ""data tidak ditemukan"".",neutral
"saya beli di toko 3 bulan lalu ada port usb dan bisa di pakai nonton film dari usb pas beli disini ada port usb tapi service only kenapa ini ? tipe nya sama , cuma gambar lebih tajam yang ini sih tp usbnya kok dihilangkan ?",neutral
"Di deskripsi produk tertulis input type : USB Ternyata barang nya tidak support USB, saya coba return kl ada yg mau beli produk ini, silahkan bayar aja punya saya no. hp 087888985338",neutral
"Pesen tanggal 10-12-2016, status lacak barang dari tanggal 11 dalam perjalanan sampai sekarang tgl 15 gak ada kabar. Butuh berapa lama antar barang ke Depok..?",neutral
blom dipake msh didlm dus....mudah2an bagus dan tdk mengecewakan,neutral
"Pengiriman cepat dan rapi, untuk kualitas real capacity, yg mau buat subtitle dengan usb, saya sarankan anda rename video dengan sub nya hanya 1 huruf/angka yg sama, ingat harus SAMA. Langsung otmatis kebaca.. silahkan di coba.",neutral
Saya baru sempat buka barangnya dan saya coba kasih antena kok gak bisa yaa tetap no signal  Trus saya coba putar film dengan resolusi HD kok gambarnya jelek yaa apa sesuai spesifikasi?,neutral
"Dear Manajement Lazada Yth mohon penjelasannya mengapa status order saya menjadi status diterima, padahal saya belum menerima barang? Tanggal order  : 12 Desember 2017,Nomor order   : #3781142132, Jasa pengiriman  : ARK BULKY Mohon penjelasan dan supportnya. Tks",neutral
"Barang oke, pengemasan oke, cuman pengiriman sampai tujuan malam dan pada saat hari terakhir No resi tidak bisa dilacak Mohon kedepannya supaya no resi lebih bisa cepat terupdatel",neutral
"Gan orderan sy 3948348346, ngorder dri tgl 10 Jan 2018 kok blm nyampe2 hingga hri ini, tlong konfirmasi' thx",neutral
mas minta nomor resi pesanan yang ini #3183185732 ko ga ada nomor resinya adanya cuma nama jasa pengirmannnya doang,neutral
sudah ampai pas dapat harga flash sale,neutral
tv pilihan utk low bujet 2 jt,neutral
"mau dicoba dulu,semoga awet..makasih lazada",neutral
Kapan kredivo bisa aktif di kota malang jatim?,neutral
tolong dong yg punya informasi cara merubah subtitle bagaimana caranya,neutral
Tolong konfirmasi ke kurir nyaa.. barang belum sampai dengan sekarang Terima kasih,neutral
Alamat Lengkap nya  Ade  Cahyani  Jln Samaun Bakri Rt 02 rw 01 no 25 Lopang Gede Serang Banten,neutral
"mohon dibuka lagi dong,promo luar kota ke sumatera,thanks lazada",neutral
"Mau nanya ? sy kmrn br pesan tgl 4 nov 17, barang sdh sampai 6 nov 17. tapi knapa pas dihidupin selama 3 jam lebih ,sy pegang bagian blakang tv agak panas ya .... Beda sm tv samsung dan panasonic led 32 saya ?",neutral
"kurirnya ark express,katanya baru tapi ga ngecewain gan.mantap..barang smpe tadi siang2,blm dicoba..stlh ane coba baru ganti reviewnya lg gan",neutral
"brg sy sudah sampai, kartu garansi ada, tp ko ga ada invoice ya? apa bukti nya yg di email? trus sy print? mhon pencerahan nya ya. mksih.",neutral
"Pembelian notebook ini mendapat apa saja selain notebook, charger, cd driver, kartu garansi.. Apakah mendapat tas dan mouse juga dengan harga yang sudah tertera?",neutral
Bagaimana persayatan kalau mau kredit?,neutral
Boleh nyicil ga gan please,neutral
Klau cicilan gmna cara bayarny?,neutral
Mohin infonya.dong kalau instal sendiri gmnaya,neutral
Barang sudah sampai.. tapi belum di install windowsnya.,neutral
"Mz masih kosong dong bos, kok blum ada programnya. Btw gmna cra setting n install programnya bos? Q kira udah ada programnya. Tlong bantuannya ya bos?",neutral
KAMI DARI DEAR LAZADA SELLER CENTER: Untuk Info Produck Diatas: 0823-8038-3253 (wa) Order/Pemesanan Barang Silahkan Hub/Add kami: 0823-8038-3253 (wa) PROMO SPESIAL: Beli 1 Gratis 1,neutral
Bagi yg kesulitan instal windows dan driver nya terutama toucpad pada asus e202s..  Bisa kunjungi ke  http://jalupat.blogspot.co.id/2017/03/cara-instal-windows-yang-freedos-dengan.html?m=1 Kalau masih pusing kontak saya via blog. Dan akan di bantu by phone ... Free alias gratis...  Saya hanya membantu...,neutral
gimana caranya instal windos E202.? soalanya saya gak ngerti. apa sudah ada,neutral
kasih info donk yg udah bisa nyicil? gmn prosesnya yg gak pake kartu kredit...terima kasih,neutral
"Sist, in NBx dgn hrga skian di atas kondosix masih baru ato bkas nich...?",neutral
Kalo nyicil bisa gak? Apa syaratnya?,neutral
Itu barange gimana bagus Ndak,neutral
Instal laptop free dos https://youtu.be/wTElYmvXol4,neutral
Malam kak mau tanya kalok kredit gimna cranya,neutral
Barang masih ada atau gak sama ada warna hitam?,neutral
Ada warna putih nya seperti di gambar,neutral
Assalamualaikum nih harga yh berapa siyal yh kuat gk,neutral
Cara cicilan perbuatan brp gan,neutral
Bisa pake window 7 64 bit gx ya,neutral
Brpa inch ukuran laptopnya nie.,neutral
Min ini ada tempat cd nya ngk ?,neutral
Apaka di Lazada Bisa Cicil?,neutral
Chin f v f b gifof.gfs vfgfrjfrbtbbfbf,neutral
Ini pake cd/dvd room apa tidak? Atau memerlukan driver tambahan?,neutral
"ini pas dinyalain kok ga langsung bisa dipake ya,belum di instal windows nya jg jd ga ngerti harus diapain",neutral
bener2 baru. masih kosong belum ada program. jadi kalau beli harus instal windownya sendiri,neutral
Bisa di cicil selama 10bln gak,neutral
"Slmt siang, mo tanya kl mo kredit barang mesti harus pakai kartu kredit ya? Gak bisa transfer & u/ dp nya berapa. Mksh",neutral
"...........ASSALAMUALAIKUM WR,WB............. Promo,, Cuci gudang Bulan RAMADHAN SALE !!!  HARGA MURAH!!!!! KWALITAS TERJAMIN !!!!!! alamat Jalan Puspa II, Cengkareng,jakarta barat, 11720  Melayani Pembelian Gadget  Via Online dari Seluruh Penjuru Tanah Air di Indonesia,dgn Sistem Pembayaran yg Simple & Pengiriman yg Cepat,Aman, & Tentunya dg Pelayanan yg Ramah serta 24Jam. - KETERANGAN BARANG: Produk Yang Kami Jual 100%  Ori New Brand  BUKAN RECOND/REFURBISHED Fullset  Mesin 100% ORIGINAL Garansi Replace (ganti barang) 1 minggu. Garansi Distributor 1tahun Cat Penting Tentang Kami -Anda gak perlu khawatir/takut belanja dgn Saya karena saya 100% MURNI DAGANG TIDAK ADA UNSUR PENIPUAN atau sejenisnya.  -Barang yg telah dibayar saya jamin akan terkirim utuh dan lengkap secara aman.(Karena Saya Bukan Penjual Abal_Abal ) -Saya Menberikan Garansi Uang Kembali 100% Bila Mana, dlm Pengiriman Terjadi Trouble(Barang Hilang/Tidak Sampai atau Rusak) NB:KAMI TIDAK MELAYANI REKENING SHOPEE KARNA PRODUK YG KAMI TAWARKAN ADALAH BLACKMARKET/JADI PENBAYARAN LANSUNG KE REKENING BEDAHARA KAMI YG BERMINAT LANSUNG SIST/GAN HUB NOMOR/PIN BB YG DI BAWA Silahkan langsung hubungi kami. PIN BBM: D9715952 WA: 0823 9304 0345 FORMAT PEMESANAN: 1.Nama: 2.ALAMAT LENGKAP: 3.KOTA TUJUANG: 4.TYPE DAN WARNA PESANAN: 5.NO.HP: 6.KODE POS: KIRIM VIA WA/SMS DI NO.: 082393040345 PIN BB:D9715952",neutral
Apa Pada Saat Pembelian Lengkap Atau Cuma Laptopnya Saja? Kalau Bisa Lengkap Dengan Charger Dan Lain - Lain..Baru Saya Merasa Puas. Dan Tidak Lupa Untuk Diskon.,neutral
"Kaa,jika laptop mengalami kendala atau apapun. Bolehh kah minta garansi.. Atau petugas nya datang kerumah dengan call center?",neutral
Ap sama harganya dngan yng tertulis<saya beri*dulu karna bulum pernah caba  Tolong d jawab ya lazada,neutral
"Barang ya sudah d terimah dgn baik. Cuman belum di instal. Jadi harus instal dulu. Tapi gak masalah. Yg penting barang asli. Dan mudah""an  barang ya awet. Thanks lazada.",neutral
"mau tanya nih, kondisi barang baru  atau second, terima kasih",neutral
Laptop ini ada touch screenya gak? kalo ada mo beli,neutral
"Sesuai foto engga nih barangnya, ragu mau beli takutnya gak sesuai foto sama barangnya",neutral
Klu cicilan langsung ga pake krt kredit gmn yah?,neutral
Tinggal di kab.semarang tapi daerah tinggal ku tdk ada,neutral
Gan klo  buat maen ets2 bus simulator Indonesia biasa gk?,neutral
"Bagaimana....... Caranya nyicil, trs apakah pakai syarat2 gt",neutral
Saya mau ambil laptop Tapi cicil Gimana caranya,neutral
"Windows10 sudah terinstal? Tingal pakai saja?? Ada yg bilang sudah, ada yg bilang belum",neutral
Ini bisa buat main Pb tindak,neutral
"Dulu ane beli ini 4,5 jt ... Sekarang udah 2 jt aja ....",neutral
Bisa d cicil gk...tapi tanpa kartu kredit bisa gk ya,neutral
Ini klo sya mw beli tp rmahnya d desa trpencil bsa gk?,neutral
"Mohon lazada perbaiki waktu pengiriman nya,agar bisa dipercepat",neutral
Mohon informasi untuk penggantian. Karena retak,neutral
ini dapat bracket gak yaa???,neutral
"Pengiriman cepat. Barang sesuai dengan deskripsi. Tapi saat memutar film via usb, subtitle tidak muncul. Apa ada yg tau settingannya dimana?",neutral
"Barang Oke, Mohon untuk Jasa Ekspedisi lebih di tingkatkan lagi kecepatan pengirimannya",neutral
"PIRT-1000006338 Kode Resi nya Udah bener belum om?, Soal nya gak bisa di cek..",neutral
tapi bagaimana ya cara nambahin subtitle pake usb?,neutral
Apa bener nih gan bisa buat muter video lewat usb?,neutral
Ni bs pkai voucer gojek point gk mas,neutral
Cara detail mengajukan permohonan kredit laptop,neutral
Ini laptop apa notebook gan?,neutral
Cara pembayaran tanpa kartu credit cicilan bisa tdk,neutral
ini udah win10 blm?,neutral
Admin ko laptop saya belom sampe juga ya..atas nama mamah asqalaniy,neutral
Cncbvxgdvvcxczdbdbxvzvxvxbxgxb,neutral
"Udh 1 minggu order laptop lwt cicilan bank..g masuk"" order barangny,padahal udh sesuai petunjuk,,tolong gmn solusiny ?",neutral
sy mau pengajuan kredit laptop asus gimana caranya dan syarat2 nya gk pake uang muka per bulan nya berapa,neutral
Tolong di per jelas deskripsi laptopnya plus tentang garansinya,neutral
Bisa kredit dg home kredit g?,neutral
Barang baru atau bekas?,neutral
"Udh 1 minggu order laptop padahal udh sesuai petunjuk..g bisa"" gman carany min ini?",neutral
Ada yg warna putih gk bos?,neutral
ini bukti gambar nya di layar tv sharp 32 inc..,neutral
uda diterima tp blm di aktifkan ...kok ga dpt voucer kfc 100rb nya ya,neutral
barang sudah diterima nanti kalo ada masalah bisa diganti yaa,neutral
barang sampai dgn sempurna tp blm di tes coba,neutral
"Udh di terima,,barang nya nyampe dengan baik tp blm di coba!! Bapa kurir nya jg baik mantap",neutral
"maaf mas, saya kok blm terima pesanan diatas, apa baru sampe dikantor sampean ?",neutral
"USB koq gak bisa dipakai utk memutar lagu, gambar dan video? apa cuman aksesoris saja?",neutral
barang sdh sampai cuma belum di cek di karena kan saat barang sampai saya tidak ada di rumah,neutral
ga langsung ke costumer tapi titip,neutral
"laptop cuma isi windows, masih perlu banyak yg di install dll",neutral
Mouse HP nya kok gak ada?,neutral
Cara cicil gmna gan,neutral
Mas windows bisa di download g,neutral
Barang di kirim berapa hari ka,neutral
"stok masih ada gak, gan?",neutral
Cara pembayarannya lewat apa ?,neutral
"pesanan ini belum saya terima, mohon penuelasannya",neutral
gan ini laptopnya gk ada cd nya y,neutral
"Bagi Yang Minat Order/Pesan Barang Kami,Silahkan Add WhatsApp/WA.085200343400..Langsung Dari Reseller Toko..Terimah Kasih.",neutral
"pengiriman cepet banget tanggal 5 order, tanggal 7 udh sampe. blom coba tes shh, tapi bagus lah kyknya.  minusnya ko gk ada stempel tokonya ya yg dikartu garansi?",neutral
"barang sudah diterima tapi belum dibuka , smoga lancar awet, thanks lazada",neutral
"barang sudah sampai, packing rapi kurir ramah, tp barang blm di coba, semoga aja g ada kendala.",neutral
"semalam saya test,bagus normal,mf perihal kartu garansi dikirim kemana ya?",neutral
"Tolong di bantu dong,cara kredit tanpa kartu kredit gmna y ?minat si cuma masih bingung",neutral
Saya Mau nyicil boleh gimana Cara nya bls,neutral
Gan..boleh tau ga lokasi toko di mana..,neutral
Gan saya mau nyicil bisa gak??,neutral
Boleh nggak kalau misalkan credit,neutral
"Estimasi pesanan akan diterima tanggal 18-20 Juni, ternyata tanggal 12 Juni pesanan sudah sampai rumah saya.. thanks lazada",neutral
sudah dterima barang dgn kondisi baik penguriman cepat cust service kuga cpt dalam menanggapi permintaan invoice akan tetapi tdk ada buku garansi..apakah invoice bs djadikan pengganti buku garansi..thanks,neutral
"barang sampe tgl 12 order tgl 11, oke lah dr transaksi free ongkir.. tapi barangnya kok ga ada kartu garansi ya, so ada garansi ga niy?",neutral
barang sesuai pesanan. tp kok ga ada kartu garansinya y,neutral
ok puas pengiriman 1 hari da sampai mks cuman yng ke papua belum ada kejelasan,neutral
"Pengiriman cepat lebih cepat dari jadwal yg seharusnha, tapi invoice sama buku garansinya kok ga ada ya?",neutral
barang sudah di terima tpi blm sempat di cek krena suami dinas ke luar kota mudah2an tidak  ada masalah,neutral
ud sampe tu boss ku.. tq y.. gud seller.. tapi lom di cek.. tar di video in y..,neutral
min tapi mau tanya kok blm ada kartu garansinya ya?,neutral
"sampe dg selamat, sedang dalam masa percobaan",neutral
barang oke tp blum di coba colok salond internal,neutral
"barang sudahh di terima tapi barang belum di coba, thx",neutral
"Barang Di Terima Dengan Selamat, Belum di coba. Sempat Ragu Karena Jasa pe girimnya Pake NiNja Reviewnya Jelek Namun Ternayata 0engirimannya Cepat. Malah JNE pesanan awal malah belum juga datang",neutral
"Sudah terpasang, cuma kartu garansinya belum ketemu",neutral
"barang belum saya terima,  masih di kurir belum di antar ke alamat saya.",neutral
Barang sudah sampe kemarin... Tapi koq tidak Ada mini keyboard sebagai bonus yang dijanjikan?,neutral
kenapa saya gabisa konek ke smart tv ya,neutral
ko ga bisa connect tv nya gimana caranya,neutral
"TV sudah sampai, namun kartu garansi tidak ada. mohon penjelasannya",neutral
Barang uda sampai.. Tapi belum sempat bukaa. Semoga baik2 saja.,neutral
Saya gak dapet buku garansi sama kwitansi/faktur penjualan nya...,neutral
buku garansinya dimana kok ndak ada dalam kemasan,neutral
"produk sudah saya terima dalam keadaan aman, belum di coba",neutral
"packingnya ok,...tv blum dicoba mudah2an awet",neutral
"ok, pengiriman cepat, sesuai pesanan,,,mudah2an awet",neutral
"Akhirnya paket datang, tepat di akhir estimasi pengiriman, setelah dibantu cs Lazada. Terimakasih Lazada. Dan mengenai barang, paket dtg dengan packing bubble warp. Dan sedang di cek keseluruhannya, semoga ngak ada masalah.",neutral
"Mantap, barang sudah sampai tidak terlalu lama cuma 2 hari, COD , dapat harga 1.699 paling murah dari merk* lain untuk LED digital 32"". paking lumyan aman dus pake bubble wrap diantar pakai mobil oleh kurir ninja expres, tinggal beli antena digital nya biar makin joss,, btw Invoice nya kenapa gak di sertakan?",neutral
"saya cari channels RCTI, SCTV ko gka ada ya??",neutral
Mudah2an bagus belum dibuka,neutral
Nggk ada cd raw'a padahal d gambar ada.. Sama plug buat ke proyektor..  Apa bisa d kembalikan??,neutral
Saya tidak mendapatkan tas seperti orderan sy sebelum nya..gmn solusi nya?,neutral
"kecepatan pengiriman baik,brng msh segel,cma skdr masukan alangkah baiknya di packing kayu biar lbh aman...,maaf barang blm d coba,blm smpt...",neutral
"dapet harga 3,599k.. pesen hari rabu, hari senin sampe.. lumayan lh karna ke kalimantan..",neutral
"Barang sudah diterima berikut tasnya, cuma saya tidak menerima kartu garansi, mohon segera dikirim. Terimakasih",neutral
alhamdulillah. selamat. lg di charge dlu semoga softwarenya sesuai harapab,neutral
"ngk tw kenapa mngkn krna wkt pas pengirimannya ato dari sananya,  jadi waktu pas dihidupin ngk bisa kyk eror gt.  untungnya di sini ada service asus yg resmi. tpi klo utk packing dll bgus kok",neutral
proses unboxing bisa anda tonton di link berikut : https://m.youtube.com/watch?v=VSZMmtCAYlA,neutral
"Kok Masih kosongan, belum ada  ms. Office nya",neutral
"packing rapi n segel asus, tapi blm dicoba",neutral
"alhamdulillah barang sampai dengan selamat, untuk officenya gimana ya min ini kriterianya?",neutral
barang cepat sampainya.packing bagus cuma blm dicoba,neutral
"sesuai deskripsi,dapat bonus seperti yang lainnya berupa backpack (ukuran kecil hanya muat untuk laptop ukuran 13,14 inchi),gantungan kunci dan stiker,",neutral
"Pesan tgl 12 Des 2018, baru diterima tgl 29 Des 2018",neutral
"saya bingung kenapa dari photo ulasan beberapa pembeli dapat barang ny  beda beda,,,,sebagian ada tulisan vivobook asus max dan sebagian lainnya tidak ada tulisanny,,,apa tidak berpengaruh???apa perbedaan ny kak!",neutral
"Barang sampe dengan aman, tpi blom di cek karena sedang di cas",neutral
bos bisa tukar spek lain .tambah uang ga ya..,neutral
"Barang belum saya terima, tapi noticenya sudah terkirim",neutral
"pengiriman cepat tp tdk diberi packing kayu, tv blm sempet dicoba",neutral
barang diterima dengan selamat dan aman semua. cuma saya masih bingung cara menonton tv nasional itu bagaimana caranya... tolong untuk admin nya bisa menjeladkan tata cara menonton tv nasionalnya,neutral
"Barang sudah di terima, kondisi mulus walaupun ga packing kayu. Pengiman lumayan cepet ke jateng tanggal 10 order tanggal 12 sudah nyampe, tapi sayang tidak dapat bonus kartu perdananya. Terimakasih banyak.",neutral
barang nyampe dengan selamat tanpa ada kendala,neutral
paket telah diterima orang rumah. belum dibuka,neutral
"Tv nya baru datang tp gimana cara aktifkan gratis hooq dan catchplay 6bln nya,saya rubah penilaian nya klo sdh dpt bonusnya",neutral
"Alhamdulillah sudah sampe, kirimanya tepat waktu.. Cma belum sempat di buka karena lg di luar kota. Semoga semuanya aman terkendali..",neutral
"pengiriman cepat ,tetapi untuk pengoprasian awal tv agak susah terutama pada remotnya.ni lagi dipelajari dan dicoba dl",neutral
TV selamat sampe tujuan tanpa cacat. Pengiriman juga cepat. Kualitas tv sesuai harga dan tdk ada masalah saat setting awal nya. Cmn kecewanya gk ada Netflix dan hrs install pake Apk. Bisa jalan tapi tdk sempurna saat digunakan. Susah di klik dan suka error.,neutral
"Volume tiap chanel beda kadang kencang sekali suaranya""kaget"" atau pelan sekali... beda tiap merubah chanel ""apa setting nya nggak bener kali"" 😔",neutral
"awalnya sempat ragu order karena packing hanya pakai buble wrap, tapi setelah di coba semua berfungsi normal dan baik.buat yang order dan belum paham ada tombol on off di bagian bawah, sekedar sharing aja",neutral
"barang diterima dengan baik, tapi tdk ada remote &stand tv seperti yg tertera di spesifikasi....bagaimana caranya untuk mendapatkan remote & stand? apakah harus dikembalikan semua? terima kasih",neutral
"tv nya sih bagus, tlng share dong, cara nyari siaran tv analog,  trs remote nya kok gak bsa k pakek, padahal udah tak ganti trs baterai nyaa",neutral
"bagus tvnya, murah juga dan kualitas menyesuaikan harga, coba aja udah bisa digital 😂, mau sambungin layar hp ke tvnya gimana ya? jangan lupa bonus paket hooq sama iflix hehe",neutral
"Barang nya sesuai, Pengiriman ke tangerang kabupaten 2 hari cukup cepet di.banding jne, untuk model ini memang kurang cocok untuk siaran analog / tv lokal bakal ribet setting dan mindahin nya tapi harga yg sangat ekonomis untuk smart tv",neutral
sampe kesel nunggu nya.. lama bangetttt..tp syukur barang nya tdk ada cacat..walau di facking tanpa kayu..akhirnya dah gak kesepian lg d kosan..,neutral
"Barang di kirim tidak lengkap, tidak ada remote dan tatakan tv kanan kiri. Harus memunggu 2 hari kerja utk penulusuran . mohon d bantu utk segera terselesaikan",neutral
"Barang telah diterima dengan aman dan beberapa drama kecil (drama nya dari pihak kurir nya sih).... intinya sebelumnya ada notif kalau barang telah diterima oleh nama saya sendiri (sekitar jam 6 sore) namun saya belum menerima. lalu telpon cs jne, chat cs lazada ngomong ini itu ini itu, bakal ditindak lanjuti. akhirnya jam 8 malam lebih baru barang nyampe dengan alasan dari kurirnya tadi ngga ada orang ditempat.... kurirnya yg bikin misunderstand antara saya pihak cs jne dan pihak cs lazada (mbak yenny) terimakasi banyak pihak yg membantu, mbak yenny mas ditya (cs lazada) dan pihak cs jne yg saya lupa namanya",neutral
"smart Tv dengan harga terjangkau, fitur kumayan bagus dibanding harganya, gambar lumayan bagus,  hanya suara nya cempreng....mesti dibeliin sound system, patchwall membingungkan sebaiknya ngga usah dipakai. overall memuaskan.... Recommended",neutral
produk saya puas. cuman layanan ninja kurirnya lama kali pengantaran. sangat tidak puas. dan kecewa denga. kurir ninja van,neutral
Kelebihan : - Packing Kayu Kekurangan : - Pengiriman sangat lama sekali - Kena Ongkos Kirim Enam Puluh Satu Ribu Rupiah x 2 = Seratus Dua Puluh Dua Ribu Rupiah (Saat di tagih biaya Ongkir begitu mahal Seratus Sembilan Puluh Ribu Rupiah),neutral
"Mantap... saya puas dg MiTV.. TV gampang banget di operasikan. di tunggu Gratis IFlix, HOOQ N CATCHPLAY nya. Terima kasih Xiaomi n Terima kasih LAZADA. untuk jasa KURIR : Sangat Mengecewakan n Buruk. MiTV yang saya pesan tidak di hantar ke Rumah yang saya Tuju. jadi saya harus ambil sendiri MiTV tersebut dan Harus Pergi ke Kota agar bisa mendapatkan Barang yang saya pesan. Tolong Lazada untuk kurir harus di perhatiin. Sempat ingin di batalkan Pesanannya, tapi mengingat Uang saya akan segera di Jadikan Voucher, jadi mau tidak mau barang harus di ambil ke Kota.",neutral
waktu liat d tv nya msih android 8  apa saya yg krang paham.. tolong beri  ulasan ttng persi androidny min,neutral
segera luncurkan upgraded Android 9 pie untuk semua pengguna mi Tv.,neutral
cpt bgt 2 hr aj nyampek kyknya dkirim dr sidoarjo kirim k jombang jawatimur tvnya lumayan kurang tajam gbrnya,neutral
"barang sampai terlambat 2 hari dari perkiraan. pengantar ajak buka bersama utk memastikan barang tidak pecah,dan dicoba nyalakan",neutral
"TV nya sudah mendarat ,barangnya mulus bisa digunakan,cuma remote TV nya tidak bisa berfungsi,jadi sedikit kecewa aja tadinya mau pesan 1 lagi 😑,itu aja sih kendalanya cuma di remote nya aja, selebihnya ok pengiriman jg cepat",neutral
"Katanya bundling Smartfrend free kuota 24 bulan,  kok tidak ada,,,  terima kasih.",neutral
"barang datang dengan selamat, agak lmaa menunggu karena kepotong sabtu dan minggu,  kaki2 goyang saat di pasang mur , semoga awet, ditunggu bonus nya",neutral
masih bingung cara masang tv berlangganan nya,neutral
"Mantab tv nya dan mantab diskon lazada, pengiriman lama banget.",neutral
"kalau pakai jne, dikasi packing kayu, kalau pakai ninja lelet ya bisa 11 hari baru sampai, dan gak pakai paking kayu",neutral
"Packing bagus dengan bubble wrap, pengiriman cepat hanya infonya salah (lebih cepat dari yg diinformasikan). Penggunaan cukup mudah, kesulitan sedikit kesulitan pada search TV. Tidak ada (belum ketemu) info analog atau digital, serta sensitive search TV agak kurang. Overall OK",neutral
"Barang sudah saya terima dengan kondisi baik walaupun cuma buble warp, setting Dari HP nya cuma bisa tuk hp tertentu, Setting TV analog awalnya agak bingung dan jk sdh terbiasa akan mudah dengan remotenya, Hoox sdh diterima by email free 3 bulan namun film nya film lawas. So Far So Good, Recommended Seller, Pengiriman lumayan cepat, Kurir Ramah. Thanks Lazada",neutral
"stlh tunggu cukup lama, akhirnya nyampe jg paketnya dan stlh dicoba ternyata produknya semuanya berfungsi dengan baik.... saran supaya waktu pengiriman bisa dipercepat lagi dan semoga awet produknya.... thanks LAZADA  & SELLER",neutral
"TV ny bagus bingit, apalagi pas liat film waah haibat banget ga da loading sama sekali, gambar ny bersih jelas n halus hmm maknyuss. tpi klo pas di area gelap memang kurang jelas. tpi tertutupi lah dgn kemampuan tv dgn harga segitu bisa android TV. semoga tv ny awet ajalah. Good Job Xiaomi.I like ait",neutral
Terimaksih lazada. pesan tgl 26/12 baru nyampai 29/12 dengan selamat.. saya sudah tes. alhamdulillah lancar gk ada masalah. tapi yang gratis 6 bulan nya belum . ditunggu ...,neutral
"Lumayan banget buat harga segitu dapet TV, kaya beli HP tapi digedein layarnya sampai 32inch. Nyenengin istri nonton drama korea. Bisa install aplikasi. Voucher HOOQ belum dikirim juga nih, udah cek email bolak balik.",neutral
"Overall barang nya bagus untuk smart tv 2 juta. hanya saja packingan nya sebatas bubble wrap saja,  untung tidak ada yg rusak tv nya dlam proses pengiriman. ditunggu voucher hooq nya ini. untuk proses miroring android phone ke tv rada susah ya",neutral
Barang bagus hanya kayanya gada tv tuner nya,neutral
"Gambar Kurang tajem, maklum 32'' kurang dari 2juta. Pengiriman cepat meskipun kesasar.",neutral
Kualitas cukup bagus walaupun kurang detail. Fitur yang cukup banyak menjadikan harga kurang dari 2 juta menjadi sangat istimewa.,neutral
"Terimakasih Lazada, pengiriman cepat dan product semua berfungsi normal, gratis HOOQ  udah bisa, tapi utk free inflixnya saya cari di email sesuai yg dijanjikan tidak menemukan",neutral
"barang sampai dgn selamat, saya suka, kualitas oke, Xiaomi emg joss apalagi belinya di lazada top lah..  oya mau tanya kok gak dpt pket hooq ya",neutral
"barang sdh sampai, kualitas bagus, packing rapi dan bagus, cuma pengiriman agak lambat tapi bagi sy semuanya bagus dan sy senang, terima ksh",neutral
barang telah diterima dgn kondisi baik dan masih baru.. utk gratisan patchwall dan lainnya masih dicoba 😊,neutral
"Mantap lah tvnya, cuman kok packagingnya ga pake kayu, padahal jauh bgt ke Kaltara.",neutral
"mantap , cuma sayang gak dapet baut Braket nya 😆😆 OVERALL GOOD , CUMA lama di pengiriman efek 17an kmren 😆",neutral
"Kode Voucher Hooq saya belum dikirimkan lewat E-mail mohon Respondnya, Terima Kasih.",neutral
mantap. barang bagus. sudah sampai aman di jogja. cuma  tinggal nunggu voucher hooqnya ya . saya tunggu voucher hooqnya,neutral
semoga berfungsi. sudah sampai blom dicoba,neutral
"Layar TV kurang tajam, mungkjn yg Full HD lebih baik.. remote gak ada nonornya, jd misal Program TV di channel 30, lo musti pencet 30x kl lg di chanel 1. built quality lumayan ada harga ada rupa. btw thx xiaomi",neutral
"Barang cepat sampai.. Packing Rapih, Aman.. Tapi CATCH PLAY nya belum bisa nih min.. boleh di bantu..?",neutral
barang sudah sampe dengan selamat..gimana cara daftar garansinya terus kode geratisanya kapan di kirim,neutral
"proses pengiriman cukup cepat, dari mulai mesan sampai barang diterima sekitar 5 hari, walaupun packaging cuma pakai bubble wrap Alhamdulillah unit berfungsi dengan baik dan semoga awet. tapi untuk bonus free hooq dll kapan yaa ??,",neutral
barang sudah di terima sehari setelah pemesanan..katanya gratis cathc play 6bln gmna cara aktifkannya,neutral
1 bulan cathplay dan 6 bulan hooq bagaimana cara aktifnya?,neutral
"barang sudah sampai, packing menggunakan bubble wrap, sudah dites  namun untuk free hooq nya gmn ya",neutral
"barang diterima dengan kondisi baik , tapi sya masih bingung soal free HOOQ nya bagaimana cara nya ??? mohon bantuan seller.",neutral
Awal sampai tv ini bingung. kok gk nyala yah saat dicolok dan di turn on pakai remot 😝 saya kira rusak tvnya tombol indikator hanya nyala warna merah dan mati otomatis. namun ternyata harus di  turn on pakai tombol yg posisinya pas dibelakang lampu indikator merah di tv. syukur tv sampai dengan baik tanpa cacat. namun hanya pengirimannya lama sekali. 10 hari bru sampai ke bali 😂. blom lagi request perubahan alamat pengiriman ke CS lazada bagai  di php in. katanya sudah di followup ke bagian kurir pengirimannya untuk perubahan alamat. al hasil tetep dikirim ke alamat kantor. wkwkwk jd heboh dah tuh kantor aq ad kiriman paket tv. 🤣🤣🤣,neutral
cpat smpainya tp blum sy coba tvnya,neutral
Ini pembelian ke 4 x nya...utk yg ini waktu pengiriman paling lama. Dan dari 4 hanya 2 yang dapat voucher HOOQ....semoga yg ini dpt vouchernya,neutral
"barang dah nyampe, cuma penasara nih lom juga idup. pada udah urutin petunjuk. mohon mohon di kasih petunjuk on n of. makasi lazada",neutral
"tvnya sampai,kok hadiah bracketnya dibilang batal yah?apakah tidak jadi dikirim?thx",neutral
"Pengiriman sesuai prediksi, ternyata TV nya made in jawa, bukan import atau dari batam.  Posisi kirim spt nya terbalik kalo lihat gambar fragile nya.  Semoga berfungsi baik, sy belum nyala kan",neutral
setelah nunggu 8 hari akhirnya sampai juga.,neutral
satu hari langsug diterima via ninjavanid,neutral
bareng sudah sampai Semoga ga Ada Kendall,neutral
bagaimana cara menghubungkan game pad untuk main game ?? dan game pad seperti apa yg cocok?,neutral
sudah cb lg try searching saluran tvnya,neutral
"Paket udah  nyampe, tpi belom di coba, moga2 aja awett amiin. Pesen hari jumat hari sbtu udah nyampe.. Thks lazada",neutral
Brang sudah sampai TPI belum ada antena cuma bisa pke USB mksih lazada,neutral
alhamdulillah mohon maaaf  terus tanya tanya....soalnya konsumenya mau tdak ada besok.... karena saya ha sama penjual,neutral
saya kredit melalu kredivo pesan kmaren jam 2 siang datang lg skrng jam stngah 2 siang trma ksh lazada dan coocaa + kredivo,neutral
"packaging oke , barang mendarat dengan baik. kecepatan pengiriman juga baik . mantap JNE. kelengkapan oke , dapat kartu garansi service dan sparepart 1 tahun. belum sempat di test , semoga memuaskan . nanti ditambah bintang setelah di tes 😁",neutral
buku garansinya seperti apa ya contohnya? soalnya saya cari buku garansinya tidak ada,neutral
paketannya udah nyampe kak. blum smpet dibuka soalnya nunggu suami pulang. semoga sih bagus dan g' kecewa. soalnya baru kali ini beli barang elektronik secara online.,neutral
brg tlah tiba dgn aman. namun blm di coba,neutral
"TV sudah diterima, ini langsung pasang. sayng belum dgitl, belum dcoba buka flashdisk semoga lancar.",neutral
beli cooca yg ke 2 ... yg dulu gambar e bagus ... belum dicoba yg ini... respon super cepat ... pake pengiriman pake ninja super joss... status baru di kirim eh udah nyampe ...,neutral
cie cie yang TV nya baru,neutral
Masih dikerdus belom dipakai hahaha,neutral
ini gmn sih.. ko kaki TV nya gak ada?? saya komplain kmn inih kaki tv nya gak ada??,neutral
knp baru pakai beberapa hari langsumg error begini ..cara klaim garansi gimana?tolong pihak dari pihak lazada membantu....please help,neutral
"laptop nya blank, gimana ini?",neutral
Mohon di cek kembali sudah benar untuk harganya apa belum ?,neutral
"barang sudah keterima tapi setelah 2 hari remote nya ga jalan, ini masih garansi ga?.",neutral
Batre nya kok cepet habis? Jika sambil di charge nyterum? pemasangan nya gak rapi ya? Belum saya cek semua semoga kagak lemod,neutral
Kenapa ada garis di laptop nya? Kita minta diganti dengan prodoct yang baru ya,neutral
"bhinneka, baru sehari dipakai flashdisknya eror write protected setelah copy data. apa bisa di garansikan?",neutral
Saya konek USB kenapa tidak ada pilihan USB di tombol source? Ni TV kok ga ada menu USB nya? Gimana ini?,neutral
Produk original. Bagus. Tp bingung gmn nempelin ke tembok nya. Bisa pake bracket ditempel tembok ga sih ini?,neutral
Cara nampilin menu usb dimana ya gan ?,neutral
ko ga ada panduan buat setting tv nya ya ?,neutral
"Belum d coba, mudah2 semua fitur berjalan dngn baik",neutral
Lubang bracketnya cuma 2 ya? mohon Solusinya,neutral
Kenapa ini flashdisk yg hijau cepat kirimnya cepat tapi yang lain ko lambat???,neutral
Belum dicoba... Semoga berfungsi dan tahan lama...,neutral
ko ngga bisa masuk k hp yah,neutral
kok buat ntn film lewat dvd dilayar TV tulisanya perangkat gak ndukung ya?,neutral
kok setiap download gak bisa di instal ya?,neutral
D pasang ke SS J2 nggak bisa. Apa kartuny yg rusak?,neutral
Ini new segel atau seconds ya?,neutral
Itu sama memorynya ta gan,neutral
Koq nggak dapat tas/bag ya ?,neutral
"Barang sudah di terima dan bonus controller nya, tapi ko ga ada invoice nya ya? Nanti klo ada apa2 mau garansi gmn ? Udah sya chat k official jg blm ada bls san. Oh iya ini ko Cooca g ada browser nya ya, pdhal pgn nnton film yg d browser jd g bsa deh. D tunggu update os nya.",neutral
Print out invoice tidak ada ya? overhall bagus.,neutral
Gan mo tanya itu capacity 64 gb apa 64 mb?,neutral
"Imformasi!!! Krn maraknya Wa""spam bbs mengaku dr lazada, maka km dr lazadaco. Id. Mengeluarkan WA trbaru 0853-1524-3866.spy kmi bs merespon and dg cepat, jd yg ingin psn baran slhkn chet kmi,disini jg layani.And belnja dgn yg lain itu diluar tnggung jwb lazada.trima kasih perhatiannya Hti""penipuan.",neutral
"belum bisa review, Krn belum di coba maaf ya",neutral
Flash dishny dbuat untuk ponsel zenfone go bisa gk?,neutral
Ini gojeknya bayar lagi gak?,neutral
Masih ada stok gak ya ??,neutral
Ini asli 32 GB gan?,neutral
"Mau tanya ini ada dus nya gg yah?? Ada hologramnya gg di dus fd nya?? Tolong jawab yah yg tau,,,,",neutral
"kan bergaransi, kalau rusak, hubungin/cara penukarannya gimana ya?",neutral
Ini dual muka gk ?? Trus bisa buat hp smartfren andromax A gk,neutral
"Bisa konfirmasi pengiriman barang saya kok blm sampai yah? Pesan tgl 13, sampai tgl 20 blm sampai juga??",neutral
"Kira kira yg beli siapa yaaaa ?? Mulai di produksi, kemudian di release, sampe detik ini laku berapa ya ??? Apakah ada fitur anti lapar, anti haus, anti ngantuk ato yg paling penting semakin kaya raya (anti miskin), setelah beli TV ini...",neutral
Bisa barter dengan kutang tetangga ga ?,neutral
"Gua main ML disini, langsung jadi Glorious Legend!! Lu kudu coba!!",neutral
Gaada yg lebih mahal?,neutral
Kalo kirim ke kupang bisa gak?,neutral
Readi nggak sist? Warnanya apa2 saja? Ini ori atau kw yang mudah rusak gan?,neutral
belum test barangnya,neutral
"Kenapa chargernya tidak lengkap....?? G bisa langsung dipakai buat charger..., kita harus nyari dan beli lagi sambungan buat chargernya.., tolong d bantu",neutral
Mau cicilan gmn caranya6,neutral
Nyicil dengan cara mudah prosesnya susah nggak,neutral
"Hi. Sist/Gan, Stocknya.. Masih Ready.? INFORMASI PRODUK KAMI.! Silahkan chat +add: WhatsApp : 0852-5468-9727 √◎ Respon cepat, Aman & Terpercaya. √◎ Pengiriman VIA : JNE & TIKI. ,?SELLER Resmi LAZADA.! Terima Kasih.",neutral
Saya dari Sumba Timur-Waingapu...,neutral
Cara.. Kredit nya bagaimana,neutral
Tidak bisa di kurangi ya biar jadi 1.000000,neutral
Ini berapa inci ya layarnya,neutral
Ini bayar di tempat apa tidak?,neutral
"Ditulis khusus jabodetabek,tp tersedia diwilyah lampung... dibeli tp dicancel krn diluar daerah. Klo gk bisa harusnya dtulis tdk tersedia diwil.anda..",neutral
Gmana caranya klw mau ikut kredit di lazada...??,neutral
"Tunggu gua jual lepi lama gua, ama ngutang tetangga sebelah, nanti gua beli",neutral
Apa produk aslinya sesuai dgn yg di gambar ini?,neutral
Dikantong cuma ada 15rb,neutral
Cara cicilan gimna?  Pake dp gk?,neutral
Knapa pesanan sayadi batalkan??,neutral
Bang kalau + upgrade ram jadi total berapa?,neutral
halo mau tanya.  barang garansi lenovo resmi?,neutral
Os sudah terisi kan. Kalau sdh pakai os win berapa gan?,neutral
Gan ini apa bedanya dgn yg sharp aquos 170i ya?,neutral
"brg sy sudah sampai, kartu garansi ada, tp ko ga ada invoice ya? apa bukti nya yg di email? trus sy print? mhon pencerahan nya ya. mksih.",neutral
Pesanan sudah sampai tapi FREE BRACKET nya kok nggak ada? Bagaimana LAZADA? Bisakah dibantu soal ini?,neutral
"Mz masih kosong dong bos, kok blum ada programnya. Btw gmna cra setting n install programnya bos? Q kira udah ada programnya. Tlong bantuannya ya bos?",neutral
"Bagi Yang Minat Order/Pesan Barang Kami, Untuk Lebih Memastikan Silahkan Add WhatsApp/WA 085200343400..Langsung Dari Reseller Toko..Terimah Kasih.",neutral
gimana caranya instal windos E202.? soalanya saya gak ngerti. apa sudah ada,neutral
Ini pake cd/dvd room apa tidak? Atau memerlukan driver tambahan?,neutral
barangnya sudah sampai tapi belum di coba. semoga awet. kurirnya juga ramah. mantap pokok nya. terimakasih lazada,neutral
Barang sudah sampai. Bagus packing nya. Kurang baik cuman pke plastik glembung. Tpi setelah sampai. Unit normal tidak ada kendala.,neutral
packing nya bagus barang juga mulus.. tapi heran ni lcd pa led ya,neutral
"Pengiriman cepat sesuai tgl prediksi pada keterangan, alat berfungsi, saya bingung untuk standeenya dapet darimana dan gimana sistem garansinya karna di dlm box ga ada kartu garansinya",neutral
"pengiriman tertahan di bandara. akhirnya via jalur darat. baru bisa diambil di depo JNE 6 hari setelah pemesanan. setelah diuji sekilas, kualitas ok. mudah2an tidak ada cacat setelah dipakai intensif",neutral
lumayan okey barang bagus tapi tdk dapat tas and mouse.....,neutral
"Barang sdh diterima tepat waktu, Packing rapi, tapi Remote Rusak ( tdk bisa dipakai )..,apa bs ditukar ?",neutral
barangnya oke tp kurirnya ketika di tanya bisa unboxing/di coba nyala tdk.. ucapan nya ngegas lebih di cancel kalau jadi beli.?,neutral
"pengiriman cepet banget tanggal 5 order, tanggal 7 udh sampe. blom coba tes shh, tapi bagus lah kyknya.  minusnya ko gk ada stempel tokonya ya yg dikartu garansi?",neutral
Klu memindahkan cannel Remot dan sensor harus dekat klu jauh tidak bisa respon,neutral
Tolong kabari jika sudah ada stoknya,neutral
buku garansinya seperti apa ya contohnya? soalnya saya cari buku garansinya tidak ada,neutral
semoga awet om tksh,neutral
brg tlah tiba dgn aman. namun blm di coba,neutral
"TV sudah diterima, ini langsung pasang. sayng belum dgitl, belum dcoba buka flashdisk semoga lancar.",neutral
sudah diterima taapi belum dibuka dan ngak tau didalam kardusnya kondisi TVnya. free ongkir sih free ongkir tapi nggak kayak gini,neutral
"Produk Ok. Pengiriman agak drama, sy pilih pengiriman express dg estimasi keesokan hari sampai tp notif yg masuk barang akan sampai lusa, sedangkan sy harus ke luar kota. Coba follow up ke CS, sempat di telpon kemungkinan barang tetap akan sampai lusa. Coba follow up ke kurir, akhirnya barang bisa datang sesuai estimasi awal. Terimakasih.",neutral
"TV sudah datang tadi siang, tapi blom di buka",neutral
paketan datang dgn cepat dan selamat tp belum di coba sih,neutral
"barangnya sampai dengan selamat, makasi coocaa🙏",neutral
Alhamdulillah akhirnya barang sampai dengan selamat,neutral
"lexnya dtng mlm bgt, jd barang yg terima orang d rmh!!! blm d cek",neutral
lumayaj buat nton fillm dikamar.,neutral
"masih vrlum dicoba karena masih diluar kota, semoga aman aman aja",neutral
"barang ok setelah ganti antena, sudah diterima oleh bapak.",neutral
barang nya bagus.tapi ini cara nyari cenel nya gimana ya?masa cuma dapat 2 cenel doang,neutral
"belum sempat dibuka ,mudah""an tidak mengecewakan walaupun tidak menggunakan packing kayu",neutral
Dapat harga flash sale. Bisa untuk tv dan komputer. Cocok buat di kamar kos 😁.,neutral
COOCAA LED TV 24 INCH,neutral
"teimakasih, barang sudah sampai dgn cepat.. tp blom sy coba soalnya sy lagi ditempat kerja..",neutral
"Pesen kemarin sore, siang ini sdh sampai",neutral
paket blum sya terima mohon koreksi,neutral
sdh smpe dgn selamat terimakasih meski cma di bungkus bubble wrap,neutral
"maap baru bisa ulas soal'a baru beli antena, bru di hidupin.  tv nya bagus pengiriman nya 3hari sampe, tapi ni ga ada kartu gransi nya gimana ni klu ada kendala.",neutral
ada yg bisa kasih info ambil output audio buat masuk ke speaker aktif ? tes ambil output audio pake kabel rca 3.5mm di av out suaranya berisik.,neutral
Barang sudah diterima.. belum di coba...,neutral
barang udh nyampay tpi blm sempet dicoba..tv ni bisa ditempel didi2ng gk sik ka,neutral
Masih dikerdus belom dipakai hahaha,neutral
saran untuk kurir kalau sampai TKP ga ada penghuni mungkin lebih baik dtelfon dulu pemesannya sayang kalau pesanan harus balik lagi untuk selebihnya mantabbb,neutral
Entahlah selalu bermasalah sama ninja express . Fisik tv bagus dan mulus . Cuma belom di coba overall berfungsi atau engganya,neutral
"terima kasih,barang sudah sampai dan dicoba",neutral
"Pengiriman cepat, sayang barangnya belum saya cek",neutral
Terima kasih sudah sampai...btw cara cetak invoice pembelian lazada bagaimana?,neutral
"paket suda diterima orang rumah, tapi blm dicoba. lumayn cepat pengirimannya",neutral
baranng sampai dengan selamat ke pemalang,neutral
belum saya cba soalnya sya bwa pulkamp...moga aja bagus,neutral
sudah diterima tepat waktu...siip.... Belum dicoba,neutral
semuanya bagus.. ok.. mau nanya biasanya klaim garansi perlu disertai bon pembelian?? .. soalnya saya tadi tidak dikasi bon pembelian..,neutral
"Paketnya sudah sampai, dalam keadaan aman selamat. Semoga awet dan tahan lama. Terima Kasih Lazada dan Coocaa.",neutral
"Alhamdulillah pesanan sudah diterima dengan baik. Dipesan kamis, hari sabtu sudah diterima. Terima kasih Lazada. Terima kasih juga Ninja kurirnya ramah.",neutral
"pengiriman cepat banget baru pesen malam 21:30 besok sore nya 15:00 sudah sampai....sering"" ada promo seperti ini yahhh☺",neutral
Selamat ulang tahun lazada yang ke 7 semoga menjadi pilihan belanja online terbaik... terimakasi lazada dan coocaa indonesia ini kami sekeluarga sudah beli tv yang ke 5,neutral
"pesan tgl 21, tgl 23 sudah nyampe rumah dari jatim ke Jateng, gak pke kayu tapi alhamdulillah  barang nyampe rumah dengan selamat",neutral
cepat bgt sampainya....pemgiriman ke magelang cuma 3hr pdhl COD....barang sampai packing babble...trimakasih lazzada...mdh2an barang awet...,neutral
"barang berfungsi dengan baik, hanya saja pas saya beli harga 2,5jt namun hari berikut nya turun jd 2,2jt saja lumayan turun 300rb",neutral
"tv sudah sampai tapi kurir yang ada di kota Lubuklinggau, dari ninja ekspres kurang sopan, 1. disuruh ambil sendiri di loket. 2. waktu mengantar paket tidak ramah. harap diperhatikan lagi. terimakasih",neutral
mantap...penguriman cepat..walau sedikit agak dek-dekan karna jauh....tp kok ngak ada kartu garansi dan bukti pembelian.gmana cara ngeclaim garansi kalau ada yang rusak nanti?...mohon dong solusinya lazada?...,neutral
"mantul.pengiriman cepat....paketnya rapi tp sayang ga packing kayu ,tv nya beroperasi dengan baik,terima kasih lazada.pokoknya bisa di percaya",neutral
paket nya udah dateng dengan aman dan kurir nya juga ramah banget. makasih lazada moga tv nya awett. biar nanti kalo beli ke sini lagi.,neutral
"sampe tujuan dengan selamat cuma packing nya agak ngeri, soalnya cuma pake bubble wrap, ga pake kayu",neutral
"lumayan mantap lah buat harga segitu, tv normal biarpun pengiriman pakai bublewarp doang tapi di kirim menggunakan mobil pribadi, kurirnya ramah dan rela nunggu buat nyoba tv nya dulu. gak ada lecet sama sekali",neutral
"Bubble wrapnya ada sedikit robek, tapi untungnya TV normal. Semoga Coocaanya awet. Terima kasih Lazada dan kurirnya yang antar juga baik minta diantar siang tapi pagi sudah datang..",neutral
"baru unboxing, koq aku ga dapet kabel hdmi nya yaa, mesti beli senditi apa udah termasuk dalam dus tvnya gan??",neutral
"proses pengiriman 7 hari kerja. gagal terkirim 1x, namun sampai sebelum tanggal terakhir jadwal penerimaan. packing tanpa menggunakan pakcing kayu. isi belum di cek.",neutral
ga di kasih kartu garansi😭,neutral
"pesanan tv saya udh datng, tapi kok gak dapat kartu garansi, jd klo mau claim garansinya gimana nih?m",neutral
makasih pesanan sudah sampai dan sudah tes beberapa hari ini hasilnya puas dah. cuma lubang braket ini beneran aman cuma 2 ?,neutral
"barang belum saya terima tp dinotif uda dterima jd nanti saya ubah kalo barang orderan saya uda dikirim dan nyata dtangan saya,makasi",neutral
"blm sy unboxing TV nya masih segel , semoga tidak terjadi yg tidak diinginkan, karena masih ke luar kota",neutral
Ini barang sampai tanggal 26 September 2018 tapi saya baru sempat buka paket hari ini ternyata dilayar terdapat garis vertikal. Saya akan tukar barangnya gimana ini? Tolong jawab ya. Terima kasih,neutral
"Bagsu mantap , tapi bolongan untuk pasang berketnya koq cuma satu yaaah (ditutup) apakah bisa di bolongin ??",neutral
"untuk saat ini ok. bintang 3 dulu aja, nanti klo sudah 5 bulan masih baik  kan ku beri 5 bintang..",neutral
alhmdllah smpe ..cm msh runyek msh nyari sinyal,neutral
Klo buat nyalahin blututnya di mna ya,neutral
bagaimana cara pake blutut kok ga bisa iyaaa,neutral
"Pengemasan bagus, TV blum tes bagus apa ngk",neutral
barang sudah di terima tp lom dicoba smga bagus,neutral
mendarat dengan selamat dua hari yg lalu✌🏻,neutral
Barang sampe dah 10 hari sorry baru kasih ulasan,neutral
Semoga Lazada Care - tv ini bermanfaat nantinya,neutral
Semoga pengurusannya ga ribet dan bisa jadi sesuatu yg berguna.,neutral
Masih bingung fungsinya buat apa...,neutral
pesenan nya sudah diterima trimakasih lazada,neutral
ko belum datang ya ??,neutral
semoga sesuai dengan apa yg d tawarkan,neutral
"untuk lazada care hanya berbentuk kartu, dapat tambahan warranty lumayan dengan harga diskon",neutral
barang sampai tinggal di test thanks lazada,neutral
Syg msh kosong lom di instal officenya. Downloadnya ribet. Mksh ya,neutral
"barangnya cepat sampe. Baru dipesan hari senin udah sampe hari rabu. Packaging nya bagus. Tapi kursor laptopnya gak jadi, bisanya pake mouse aja. Gmn min?",neutral
"mohon maaf, barang yang saya pesan tertulis sudah dterima, tapi saya belum menerima barang pesanan saya. bgaimana solusinya???",neutral
"barang diterima dengan baik, cepat pengiriman, tanggal 9 pesan, tanggal 10 sudah sampai. kirain dapat earphone.... hmmm",neutral
Gue tinggal di salah satu kabupaten di Maluku barang yg gue pesan nyampe dgn selamat kecuali freenya headset nga ad tp untuk laptopnya kata orang Maluku zn ada lawan. Semoga awet barangnya.,neutral
handsfree / headset yang di janjikan tidak ada..tolong sebaiknya jgn di cantumkan kalo memang tidak ada...,neutral
pesanan sudah diterima tinggal di test mudah2an semua ok,neutral
Chanelnya kok gk bisa di simpan?????gimana caranya menyimpan channel nya???,neutral
"5 hr nyampe,barangnya blm d coba tp packing baik, aman",neutral
tv nya udh sampai tp blm d coba pengiriman cepat,neutral
barang sdh dibuka dr kardus keadaan ok tp blm dicoba atau dihidupkan sm Istri krn nunggu saya pulang mgkn minggu tgl 01 Sep saya br pulang.,neutral
Mungkin sempurna kalo dpt antena sama kabel hdmi nya. lumayan dpt flash sale 1.35jtan saja,neutral
teimakasih lazada..barang smpai dengan baik dn selamat..cuma penganman produk agakkurang tdk pakek paking kayu bab produk tv ..,neutral
"Mantap, pengiriman cepat. tapi di daerah semarang, siaran digital hanya dapat saluran TVRI",neutral
"barang dateng tanpa ada kerusakan,cuma gg ada bonusnya,ya sudahlah......yg penti g barangnya aman.makasih lazada.",neutral
apakah MNC tv dan global tv ga ada ?,neutral
"lom coba dinyalain,,semoga aman",neutral
kok bonus breket nya ga ada ya,neutral
"tv nya lom dipake, sprtinya ok, harga murah berkwalitas, toplah.",neutral
barangnya sudah sampai belum dicoba semoga awet. thanks lazada,neutral
"Belum dites, mudah2an semua bagus & berjalan baik",neutral
Brang dah di terima .....lumaya ok tinggal tes...,neutral
"Belum diaktifkan semoga berfungsi dan awet, Dan dgn harga segitu, ya gak usahkah ber-expektasi tinggi.",neutral
baru satu yg datang....yg satu lg dtunggu...scara tgl estimasi blm lewat....,neutral
posisi SIM dan  micro SD bagaimana kok gak connect terus?,neutral
cara masukin kartu sim nya gimana? tolong kasih tau yg bisa?,neutral
"semua normal, hanya saja lampu flasligtnya gk mau off.. ada yg bisa bantu kasih off tidak yah?",neutral
ini kenapa ada sinar diatasnya ya,neutral
Minta kirim video cara pemasangan kartu Sim dan micro sd,neutral
barang sdh tiba tapi blm dicoba. smoga baterai nya nggk bermasalh,neutral
belum dibuka. mdh2 ga ngecewain,neutral
salah pesen penginya yang tv  semart,neutral
belum sempet buka sihh,neutral
Baru mau di coba nih tv nya... Mudah2n bagus dan awet ya... Makasih LAZADA,neutral
Samsung 49 5series  N5000 class,neutral
"Dtng barangnya seduai estimasi ,pack rapih ,hwnya blm sempat buka ,smg TV nya jga baik",neutral
"Barang nya sudah di terima,,,tapi blm saya Cek dalamnya",neutral
makasih lazada barang sudah smapai...,neutral
mantul tapi belum di buka,neutral
Lumayan utk harga dibawah 1Jt mudah2an setelah dipakai tdk ada masalah...,neutral
TV diterima dg baik tidak ada yang penyok. Belum saya coba,neutral
barang sampai dengan aman.. mantap sekali.. tp sya belum coba apakah berfungsi atau tidak. semoga selalu menjadi terpercaya.,neutral
Nantilah banget lhoo..sory baru kasih ulasan skrng gak sempat ..,neutral
alhmdulillah hadiah untuk mamaku udh sampai..blm smpet d coba..mudah2an awet..makasih lazada..,neutral
bungkus rapih...tapi blum saya tes...semoga sesuai semua fungsinya,neutral
jd bli td cm klik tp cb kwlitas ichiko,neutral
barang sudah di terima paking rapi terimakasih seler terimakadih lazada cuma laporan pengiriman membingungkan di hp kiriman sudah sampai tapi di lihat belum ada tapi nggak apa belum lewat batas yg di janjikan agak bingung saja kok dengan bahasa laporan pengiriman terimakasih,neutral
"gambarnya lumayan bagus, cuma kok gak ada buku garansinya,gmn y cara dapetin garansinya, soalnya sampe sekarang  kartu garansi nya blm ada juga, solusinya gmn nih dari pihak lazada",neutral
"belum dibuka,masih di kardus...nunggu suami pulang biar ada yg program....😁",neutral
makasih barang sdh samapai belum tes,neutral
"biasanya produk baru ada segel pabrik, klo ni segelnya ko ga ketemu sebelah mana ya?  tv agak berdebu dikit apakah semple?  tp gpp mudah2han awet",neutral
fast respon barang dah sampai tp belum di coba,neutral
belum dicoba karena mati lampu,neutral
peking rapih aaman...tank lazada mendrat dengn baik,neutral
Alhamdllah mendarat dg slmat..packing rapi pengiriman cepat..trima kasih untuk toko dan jg lazada,neutral
"alhamdulillah sampai dengan selamat,,, terimakasih LAZADA dan J&T,,, semoga awet dan normal,,, tapi belum di nyalain,,,,",neutral
Barang sudah tiba bosku .sesuai ke inginan saya jam 1 tiba ..terimakasih buat kurirnya .  Karna masih di pabrik jadi belum saya coba ..next time pasti order kembali,neutral
"barang sdh diterima dengan baik,dan belum dicoba semoga  gak bermasalah. packing palet joss",neutral
"barang datang sesuai jadwal, baru foto packing,. belum dicoba,.",neutral
Mohon waktu sebelum deal dgn pelanggan kasih tau dulu mengenai pengirimannya butuh berapa lama agar bisa dimaklumin.. barang sdh terima dgn rapi packing kayu.. terima kasih.,neutral
blm dipakai muda2 han awet,neutral
barang sudah sampai tapi masih belum saya coba  terima kasih,neutral
packing Ok pakai kayu! aman pokoknya...! cuman belum di cek baru mau di anterin ke costumer... hehee mudah²n gada masalah,neutral
Barang Alhamdulillah sudah sampai namun belum bisa dibuka blm ada aplikasi windowsnya jadi nunggu di instal dulu blm tau sih bagus enggaknya nanti kalau sdh bisa aku koment lagi,neutral
mau tanya Ada Breket AQUA nya ga... binggung milih Breket nya...,neutral
"Packing rapi pke kayu jd aman,, ada bonus bracketnya juga cuma bingung masangnya krna ga ada petunjuknya.. Semoga awet",neutral
"sudah diterima , tapi belum diperiksa",neutral
ka kalo kaya gni gmna ya cara ngoperasiinya?,neutral
unit tidak sesuai ama dus unit...atau kartu garansi tidak sama dgn unitnya..gimana nanti klaim garansi ..?mohon dikonfirmasi,neutral
"Minta info, yg saya terima tidak ada DVDRW nya mas, padahal d gambar ada.. mohon responnya cepat",neutral
kamera tidak dapat digunakan bagaimana caranya,neutral
untuk tumpuannya ko gak ada ya,neutral
"Barang sudah diterima, packing bagus. Tapi kartu garansinya tdk di cap, kosong saja, apa bisa dipakai nanti?",neutral
produk belum dicoba semoga aman packing cm plastik wrapp tanpa packing kayu produk enteng sekali semoga aman terkendali harga sesuai pemgiriman relatif cepat trims,neutral
masa baru 1 hari lansung mati tv nya . gimana ini . komplain kmn ??,neutral
"selamat siang paket saya sudah nyampe ya, mau tanya siapa ya penerimanya..",neutral
sepertinya ada hadiahnya antene nya ya ? tp kok gak ada ?,neutral
"paket sdh diterima , blm dibuka ,semoga sesuai dgn yg memesan,terimakasih.👍",neutral
"Alhamdulillah pesaann sdh sampai TerimaKasih Lazada pengirimannya cepat pesanan Jum'at sore, senin siang sdh sampai semoga tvnya ok",neutral
normal semua... tapi kok gak ada kartu garansi nya...,neutral
barang sdh terima dg packingan yg rapi tp blm dibuka utk dites. Soalnya suami lg dinas malam. Klu ada kerusakan mohon dibantu utk retur y. Trims,neutral
pngriman cpet wlpun mlm ttep di anter cmn chanel indosiar doank yg ga ktmu gmn ya?,neutral
Kalau pecah gmn solusinya,neutral
Ini new segel atau seconds ya?,neutral
Koq nggak dapat tas/bag ya ?,neutral
"Kalo ada lagi, infokan ke saya",neutral
"proses pengiriman cepat bgt,,,kurir-y ramah,, packing rapi...sukses truz...",neutral
"tv msih disegel karena buat hadiah, jd belum dibuka",neutral
Alhamdulillah udah nyampe dengan selamat,neutral
alhamdulillah.sampai dengan selamat. tgl 9 pesan. tgl 13 dah nyampe kaltim. terima kasih. semoga awet,neutral
"udah sampe,ya walaupun sedikit kecewa sama kurirnya",neutral
"Imformasi!!! Krn maraknya Wa""spam bbs mengaku dr lazada, maka km dr lazadaco. Id. Mengeluarkan WA trbaru 0853-1524-3866.spy kmi bs merespon and dg cepat, jd yg ingin psn baran slhkn chet kmi,disini jg layani.And belnja dgn yg lain itu diluar tnggung jwb lazada.trima kasih perhatiannya Hti""penipuan.",neutral
"sudah di terima, tapi blm dipake , menunggu tukang antena, Insya Allah jadi n awet amiin yra.",neutral
"Barang sampai dengan selamat, sesuai estimasi.. belum di coba semoga memuaskan dan awet",neutral
terima kasih atas laptop nya,neutral
"real pict, tapi belom di coba😅",neutral
barang SDH sampai tapi blm saya pakai,neutral
Ka mau tnya bla pesan brang bsa kredit kna.dan prmbayaran pertama berapa stlah brang dkrim byar dtempat cicilanya,neutral
Saya orang baru yg pke aplikasi ini .. Klw mau belii bagaimana . Caranya . Skrg Sy di taiwan,neutral
Kk klo gransi nya dimana ya. Soal nya gambar nya kurang bagus.,neutral
Saya posisi d.gresik.jatim  Gmn cara pesan n kredit,neutral
Mau tnya cicilan tanpa kartu kredit ??,neutral
Bisa ga saya ambil televisi ini d ngan di kredit,neutral
"Untuk detail wattnya mohon dikasih keterangannya,,",neutral
Bener gak tuh full hd.biasanya 32 in itu masih HD,neutral
Stock nya ada lagi gk gan?,neutral
Mhn info sy pesan 8 unit baru..trims,neutral
Mantap respon baik ramah fast dan sangat membantu. Produk smpai dengan selamat tpi blm dicoba,neutral
"garansi distributor, 3 tahun",neutral
"Karena saya hanya bantu untuk membelikan, bukan dipakai sendiri, sy tidak punya pengalaman terhadap produk tsb, namun saya sedikit melihat secara fisik, seharusnya C55 lumayan lah, untuk supplier KliknKlik, saya sgt puas, dalam memberikan informasi sgt jelas dan menanggapi dengan cepat, terima kasih ya",neutral
barang sudah datang tepat waktu. rapi aman,neutral
Kalo kirim ke kupang bisa gak?,neutral